,Objective,Dims,Mutation,Crossover,ParentSel,SurvSel,Nexecs,PopSize,ExecTime,fitness
0,SPHERE,3,gaussmut,onepoint,best,elitism,100,100,0.0018589870000003117,213.8252862484002
1,SPHERE,3,gaussmut,onepoint,best,elitism,100,100,0.0017124790000000445,1047.251587410224
2,SPHERE,3,gaussmut,onepoint,best,elitism,100,100,0.001987329000000315,775.6893589720371
3,SPHERE,3,gaussmut,onepoint,best,elitism,100,100,0.0016058100000000408,512.0912672873163
4,SPHERE,3,gaussmut,onepoint,best,elitism,100,100,0.0015811999999995052,124.36093701689401
5,SPHERE,3,gaussmut,onepoint,best,elitism,100,100,0.001537694000000478,41.07364796446525
6,SPHERE,3,gaussmut,onepoint,best,elitism,100,100,0.001661426000000077,664.2160167451218
7,SPHERE,3,gaussmut,onepoint,best,elitism,100,100,0.0016208150000007748,510.2979600710444
8,SPHERE,3,gaussmut,onepoint,best,elitism,100,100,0.0016414739999994765,628.1660429794329
9,SPHERE,3,gaussmut,onepoint,best,elitism,100,100,0.002336707999999632,420.7186952246194
10,SPHERE,3,gaussmut,onepoint,best,elitism,100,100,0.0017007280000003178,65.84058464303575
11,SPHERE,3,gaussmut,onepoint,best,elitism,100,100,0.0016115309999999994,1235.7316375268508
12,SPHERE,3,gaussmut,onepoint,best,elitism,100,100,0.001618030000000381,748.1467070498314
13,SPHERE,3,gaussmut,onepoint,best,elitism,100,100,0.0015607969999997806,732.413152927141
14,SPHERE,3,gaussmut,onepoint,best,elitism,100,100,0.0017134370000002619,246.66537565778216
15,SPHERE,3,gaussmut,onepoint,best,elitism,100,100,0.0016572960000003079,322.2561345802791
16,SPHERE,3,gaussmut,onepoint,best,elitism,100,100,0.001890953000000195,161.37129915177786
17,SPHERE,3,gaussmut,onepoint,best,elitism,100,100,0.001887459999999841,1087.759320620545
18,SPHERE,3,gaussmut,onepoint,best,elitism,100,100,0.001589041999999985,558.9149509050582
19,SPHERE,3,gaussmut,onepoint,best,elitism,100,100,0.0016634230000001082,333.24761570058257
20,SPHERE,3,gaussmut,onepoint,best,elitism,100,100,0.0016562179999999316,469.78004857262806
21,SPHERE,3,gaussmut,onepoint,best,elitism,100,100,0.0015685589999998584,1368.3701028708854
22,SPHERE,3,gaussmut,onepoint,best,elitism,100,100,0.001896191000000158,1068.1272775111922
23,SPHERE,3,gaussmut,onepoint,best,elitism,100,100,0.0022024160000002624,472.4838364188026
24,SPHERE,3,gaussmut,onepoint,best,elitism,100,100,0.0017228239999997896,1048.1077380316437
25,SPHERE,3,gaussmut,onepoint,best,elitism,100,100,0.0016395149999999248,136.6169651458108
26,SPHERE,3,gaussmut,onepoint,best,elitism,100,100,0.0015757320000000519,455.7871221672489
27,SPHERE,3,gaussmut,onepoint,best,elitism,100,100,0.0016111570000001407,141.94504086886226
28,SPHERE,3,gaussmut,onepoint,best,elitism,100,100,0.002059071999999773,246.70127511031805
29,SPHERE,3,gaussmut,onepoint,best,elitism,100,100,0.0017734369999997668,257.80229036575474
30,SPHERE,3,gaussmut,onepoint,best,elitism,100,100,0.0018112669999998943,361.8364932787317
31,SPHERE,3,gaussmut,onepoint,best,elitism,100,100,0.0016046449999995716,784.6774501174286
32,SPHERE,3,gaussmut,onepoint,best,elitism,100,100,0.0016528229999996924,245.21041171011163
33,SPHERE,3,gaussmut,onepoint,best,elitism,100,100,0.0017671930000000557,809.6599805460933
34,SPHERE,3,gaussmut,onepoint,best,elitism,100,100,0.0016352849999998753,1144.2286257188125
35,SPHERE,3,gaussmut,onepoint,best,elitism,100,100,0.0018490630000007613,357.4915687893803
36,SPHERE,3,gaussmut,onepoint,best,elitism,100,100,0.0018393709999999786,846.7370400877699
37,SPHERE,3,gaussmut,onepoint,best,elitism,100,100,0.0017209620000002701,167.1269438757214
38,SPHERE,3,gaussmut,onepoint,best,elitism,100,100,0.0016661760000005188,1080.5097569190007
39,SPHERE,3,gaussmut,onepoint,best,elitism,100,100,0.0015752640000004092,728.6735882839389
40,SPHERE,3,gaussmut,onepoint,best,elitism,100,100,0.0017148680000005356,439.3492880345944
41,SPHERE,3,gaussmut,onepoint,best,elitism,100,100,0.001895107999999368,287.34672605432826
42,SPHERE,3,gaussmut,onepoint,best,elitism,100,100,0.0019894560000004446,573.4160611739695
43,SPHERE,3,gaussmut,onepoint,best,elitism,100,100,0.0016894790000003823,121.34056309825846
44,SPHERE,3,gaussmut,onepoint,best,elitism,100,100,0.0015581960000004003,199.96956404948568
45,SPHERE,3,gaussmut,onepoint,best,elitism,100,100,0.0016444279999996425,609.4925261134977
46,SPHERE,3,gaussmut,onepoint,best,elitism,100,100,0.0015758410000001888,1002.3415907722502
47,SPHERE,3,gaussmut,onepoint,best,elitism,100,100,0.001608219999999605,898.7314650303388
48,SPHERE,3,gaussmut,onepoint,best,elitism,100,100,0.0017876650000001604,1104.4761833077712
49,SPHERE,3,gaussmut,onepoint,best,elitism,100,100,0.0016349959999999442,1317.9918443466977
50,SPHERE,3,gaussmut,onepoint,best,elitism,100,100,0.001679739000000069,526.7990684768861
51,SPHERE,3,gaussmut,onepoint,best,elitism,100,100,0.0015072119999999245,429.1473628997618
52,SPHERE,3,gaussmut,onepoint,best,elitism,100,100,0.0014885129999999691,841.349220709431
53,SPHERE,3,gaussmut,onepoint,best,elitism,100,100,0.001531710000000075,457.79647067519886
54,SPHERE,3,gaussmut,onepoint,best,elitism,100,100,0.001592052999999538,1062.0117400181466
55,SPHERE,3,gaussmut,onepoint,best,elitism,100,100,0.0016266929999995128,320.9024004199948
56,SPHERE,3,gaussmut,onepoint,best,elitism,100,100,0.0019056359999991557,228.91116262372225
57,SPHERE,3,gaussmut,onepoint,best,elitism,100,100,0.0017224379999998263,1240.9817294336274
58,SPHERE,3,gaussmut,onepoint,best,elitism,100,100,0.0015644959999994157,310.48983674530507
59,SPHERE,3,gaussmut,onepoint,best,elitism,100,100,0.001519133999999589,1741.6097558348615
60,SPHERE,3,gaussmut,onepoint,best,elitism,100,100,0.0015693700000003474,329.3032373782903
61,SPHERE,3,gaussmut,onepoint,best,elitism,100,100,0.0016034369999999853,343.31443881954647
62,SPHERE,3,gaussmut,onepoint,best,elitism,100,100,0.0015269479999995283,43.557333219723
63,SPHERE,3,gaussmut,onepoint,best,elitism,100,100,0.0018644930000002446,218.79935045433905
64,SPHERE,3,gaussmut,onepoint,best,elitism,100,100,0.0015918340000000697,2063.564385623295
65,SPHERE,3,gaussmut,onepoint,best,elitism,100,100,0.001548309999999553,1221.8870054944643
66,SPHERE,3,gaussmut,onepoint,best,elitism,100,100,0.0015519690000003195,983.3891760747856
67,SPHERE,3,gaussmut,onepoint,best,elitism,100,100,0.0015783750000002428,749.0563152224128
68,SPHERE,3,gaussmut,onepoint,best,elitism,100,100,0.0015034040000001525,689.763189259362
69,SPHERE,3,gaussmut,onepoint,best,elitism,100,100,0.0016190709999994723,779.9792211491982
70,SPHERE,3,gaussmut,onepoint,best,elitism,100,100,0.0017991209999994595,103.9010113496148
71,SPHERE,3,gaussmut,onepoint,best,elitism,100,100,0.0015509089999996561,650.8469967700411
72,SPHERE,3,gaussmut,onepoint,best,elitism,100,100,0.0015268830000003675,428.8537807179592
73,SPHERE,3,gaussmut,onepoint,best,elitism,100,100,0.0015444989999995329,394.3646631276697
74,SPHERE,3,gaussmut,onepoint,best,elitism,100,100,0.001545649999999732,301.67649729858755
75,SPHERE,3,gaussmut,onepoint,best,elitism,100,100,0.0016203189999997036,365.24341699896877
76,SPHERE,3,gaussmut,onepoint,best,elitism,100,100,0.0018696980000001417,225.67676469276947
77,SPHERE,3,gaussmut,onepoint,best,elitism,100,100,0.0018317799999998385,624.5232701922207
78,SPHERE,3,gaussmut,onepoint,best,elitism,100,100,0.0015420429999997154,759.5530206786477
79,SPHERE,3,gaussmut,onepoint,best,elitism,100,100,0.0014880259999996426,1093.6750497366343
80,SPHERE,3,gaussmut,onepoint,best,elitism,100,100,0.0016434770000000043,854.9744107856944
81,SPHERE,3,gaussmut,onepoint,best,elitism,100,100,0.0015709739999998362,444.378129968385
82,SPHERE,3,gaussmut,onepoint,best,elitism,100,100,0.0014857529999998675,664.560947241022
83,SPHERE,3,gaussmut,onepoint,best,elitism,100,100,0.001572215999999571,221.96525119473063
84,SPHERE,3,gaussmut,onepoint,best,elitism,100,100,0.0017923289999997039,663.8854729005915
85,SPHERE,3,gaussmut,onepoint,best,elitism,100,100,0.0017195809999996925,397.283023105183
86,SPHERE,3,gaussmut,onepoint,best,elitism,100,100,0.0015554509999997634,474.74414053607313
87,SPHERE,3,gaussmut,onepoint,best,elitism,100,100,0.0016216129999993,732.8681550911175
88,SPHERE,3,gaussmut,onepoint,best,elitism,100,100,0.0016724939999992472,303.5833048794598
89,SPHERE,3,gaussmut,onepoint,best,elitism,100,100,0.0015750639999998484,556.1324194533546
90,SPHERE,3,gaussmut,onepoint,best,elitism,100,100,0.0018467869999998499,159.13908960642038
91,SPHERE,3,gaussmut,onepoint,best,elitism,100,100,0.0017809130000001616,207.40470214398823
92,SPHERE,3,gaussmut,onepoint,best,elitism,100,100,0.0015280009999996125,177.91569949213633
93,SPHERE,3,gaussmut,onepoint,best,elitism,100,100,0.0015395019999999704,352.29675501197573
94,SPHERE,3,gaussmut,onepoint,best,elitism,100,100,0.0015461310000004502,104.0642952312187
95,SPHERE,3,gaussmut,onepoint,best,elitism,100,100,0.001682968000000784,520.2665582216972
96,SPHERE,3,gaussmut,onepoint,best,elitism,100,100,0.00172128799999971,611.9719779445985
97,SPHERE,3,gaussmut,onepoint,best,elitism,100,100,0.001905935999999997,309.74307868955316
98,SPHERE,3,gaussmut,onepoint,best,elitism,100,100,0.0016721699999999728,787.6093864668612
99,SPHERE,3,gaussmut,onepoint,best,elitism,100,100,0.0015091390000003813,584.3923785609378
100,SPHERE,3,gaussmut,onepoint,best,elitism,100,100,0.0015400429999994358,977.9331666205011
101,SPHERE,3,gaussmut,onepoint,best,elitism,100,100,0.00155100000000008,234.47953521743332
102,SPHERE,3,gaussmut,onepoint,best,elitism,100,100,0.0016599660000000682,158.4956486147124
103,SPHERE,3,gaussmut,onepoint,best,elitism,100,100,0.0015880270000003804,45.79116483336959
104,SPHERE,3,gaussmut,onepoint,best,elitism,100,100,0.0018404439999999411,618.8091646262723
105,SPHERE,3,gaussmut,onepoint,best,elitism,100,100,0.0017021240000003601,341.10074431640805
106,SPHERE,3,gaussmut,onepoint,best,elitism,100,100,0.0016367040000000443,1014.0770804679804
107,SPHERE,3,gaussmut,onepoint,best,elitism,100,100,0.0015253569999993388,536.0441699042531
108,SPHERE,3,gaussmut,onepoint,best,elitism,100,100,0.001642206999999729,477.3644710056323
109,SPHERE,3,gaussmut,onepoint,best,elitism,100,100,0.001725551999999908,1112.4971832861959
110,SPHERE,3,gaussmut,onepoint,best,elitism,100,100,0.001588834999999733,264.0160739639049
111,SPHERE,3,gaussmut,onepoint,best,elitism,100,100,0.0016810220000005316,1045.2237082201664
112,SPHERE,3,gaussmut,onepoint,best,elitism,100,100,0.0017020289999996052,290.389690121955
113,SPHERE,3,gaussmut,onepoint,best,elitism,100,100,0.0016264619999999397,1335.66190834456
114,SPHERE,3,gaussmut,onepoint,best,elitism,100,100,0.0015201210000004295,551.7915601759825
115,SPHERE,3,gaussmut,onepoint,best,elitism,100,100,0.0014840519999994584,994.2581235397113
116,SPHERE,3,gaussmut,onepoint,best,elitism,100,100,0.0016007189999998062,309.5737110182721
117,SPHERE,3,gaussmut,onepoint,best,elitism,100,100,0.0015852390000006267,1034.9844946114604
118,SPHERE,3,gaussmut,onepoint,best,elitism,100,100,0.001902210999999987,415.2620527265201
119,SPHERE,3,gaussmut,onepoint,best,elitism,100,100,0.0017146869999997705,393.68313292279015
120,SPHERE,3,gaussmut,onepoint,best,elitism,100,100,0.0016080889999994241,838.2478498663507
121,SPHERE,3,gaussmut,onepoint,best,elitism,100,100,0.0015335660000008744,1716.2637888763015
122,SPHERE,3,gaussmut,onepoint,best,elitism,100,100,0.0016272939999995018,204.96661247894937
123,SPHERE,3,gaussmut,onepoint,best,elitism,100,100,0.0016342700000002708,162.06613006912215
124,SPHERE,3,gaussmut,onepoint,best,elitism,100,100,0.0016398190000002089,653.0338858121177
125,SPHERE,3,gaussmut,onepoint,best,elitism,100,100,0.00207593000000017,349.79631156769227
126,SPHERE,3,gaussmut,onepoint,best,elitism,100,100,0.0015415420000000069,684.7783248273684
127,SPHERE,3,gaussmut,onepoint,best,elitism,100,100,0.0015764510000000342,171.93155627399622
128,SPHERE,3,gaussmut,onepoint,best,elitism,100,100,0.0015381379999999112,840.2953739249433
129,SPHERE,3,gaussmut,onepoint,best,elitism,100,100,0.0015195439999997618,436.36539147539224
130,SPHERE,3,gaussmut,onepoint,best,elitism,100,100,0.0016660279999998195,1132.26324752184
131,SPHERE,3,gaussmut,onepoint,best,elitism,100,100,0.0016792990000000785,118.63059905903532
132,SPHERE,3,gaussmut,onepoint,best,elitism,100,100,0.001854065999999932,186.06244424189515
133,SPHERE,3,gaussmut,onepoint,best,elitism,100,100,0.00158609499999951,510.8796683135023
134,SPHERE,3,gaussmut,onepoint,best,elitism,100,100,0.001541683000000127,524.6047712627932
135,SPHERE,3,gaussmut,onepoint,best,elitism,100,100,0.001708702000000173,79.94515443449725
136,SPHERE,3,gaussmut,onepoint,best,elitism,100,100,0.0016157049999998563,869.0236835012192
137,SPHERE,3,gaussmut,onepoint,best,elitism,100,100,0.0015459330000000548,350.52740422674003
138,SPHERE,3,gaussmut,onepoint,best,elitism,100,100,0.0016196219999997652,119.37395205854605
139,SPHERE,3,gaussmut,onepoint,best,elitism,100,100,0.0019134919999999056,352.7485480186587
140,SPHERE,3,gaussmut,onepoint,best,elitism,100,100,0.0015187640000000613,356.0204376326247
141,SPHERE,3,gaussmut,onepoint,best,elitism,100,100,0.0015081530000005117,452.70132056942845
142,SPHERE,3,gaussmut,onepoint,best,elitism,100,100,0.0015296239999997852,484.6066715403902
143,SPHERE,3,gaussmut,onepoint,best,elitism,100,100,0.0016805660000001055,287.678920942196
144,SPHERE,3,gaussmut,onepoint,best,elitism,100,100,0.001530051999999671,835.5339636643641
145,SPHERE,3,gaussmut,onepoint,best,elitism,100,100,0.0015950030000002613,285.55151203215263
146,SPHERE,3,gaussmut,onepoint,best,elitism,100,100,0.0017213729999996374,1219.846590263889
147,SPHERE,3,gaussmut,onepoint,best,elitism,100,100,0.0015340400000001253,237.0039332698764
148,SPHERE,3,gaussmut,onepoint,best,elitism,100,100,0.00148247600000051,53.06275467316358
149,SPHERE,3,gaussmut,onepoint,best,elitism,100,100,0.0015067959999992553,503.1315983707984
150,SPHERE,3,gaussmut,onepoint,best,elitism,100,100,0.0015222189999999358,286.4837924510576
151,SPHERE,3,gaussmut,onepoint,best,elitism,100,100,0.0016232580000004049,753.361407525732
152,SPHERE,3,gaussmut,onepoint,best,elitism,100,100,0.0017021549999993724,62.924364445687736
153,SPHERE,3,gaussmut,onepoint,best,elitism,100,100,0.0016916469999994632,104.09621902573004
154,SPHERE,3,gaussmut,onepoint,best,elitism,100,100,0.0016718299999993746,376.1660893744167
155,SPHERE,3,gaussmut,onepoint,best,elitism,100,100,0.0015043439999997688,399.36273431773446
156,SPHERE,3,gaussmut,onepoint,best,elitism,100,100,0.001549733000000053,62.7260172532787
157,SPHERE,3,gaussmut,onepoint,best,elitism,100,100,0.001502718000000236,624.6774844428062
158,SPHERE,3,gaussmut,onepoint,best,elitism,100,100,0.00153303799999982,1106.1217613585159
159,SPHERE,3,gaussmut,onepoint,best,elitism,100,100,0.0015680719999995318,80.68841267081243
160,SPHERE,3,gaussmut,onepoint,best,elitism,100,100,0.0017089690000000601,553.7203520641149
161,SPHERE,3,gaussmut,onepoint,best,elitism,100,100,0.0017221130000004692,67.7143890812609
162,SPHERE,3,gaussmut,onepoint,best,elitism,100,100,0.0015592519999998444,420.9078267607633
163,SPHERE,3,gaussmut,onepoint,best,elitism,100,100,0.0015017500000000794,405.97318416247833
164,SPHERE,3,gaussmut,onepoint,best,elitism,100,100,0.001570450000000001,477.3138947231352
165,SPHERE,3,gaussmut,onepoint,best,elitism,100,100,0.0015892930000003247,793.6453079219638
166,SPHERE,3,gaussmut,onepoint,best,elitism,100,100,0.0016229230000002204,721.4257238858544
167,SPHERE,3,gaussmut,onepoint,best,elitism,100,100,0.0019865519999999748,331.36526614465333
168,SPHERE,3,gaussmut,onepoint,best,elitism,100,100,0.0015206640000000604,818.3717418435978
169,SPHERE,3,gaussmut,onepoint,best,elitism,100,100,0.0015120010000000406,674.5909051713584
170,SPHERE,3,gaussmut,onepoint,best,elitism,100,100,0.0015498410000001073,826.0901396296251
171,SPHERE,3,gaussmut,onepoint,best,elitism,100,100,0.0015695429999995625,958.3479594395661
172,SPHERE,3,gaussmut,onepoint,best,elitism,100,100,0.001596682999999821,1171.7534793104765
173,SPHERE,3,gaussmut,onepoint,best,elitism,100,100,0.0015305429999994402,339.8563770368609
174,SPHERE,3,gaussmut,onepoint,best,elitism,100,100,0.0018598110000001,1239.8511376356325
175,SPHERE,3,gaussmut,onepoint,best,elitism,100,100,0.001636618000000034,307.1758506916137
176,SPHERE,3,gaussmut,onepoint,best,elitism,100,100,0.0015044819999996406,648.9726779473244
177,SPHERE,3,gaussmut,onepoint,best,elitism,100,100,0.0015295050000005972,263.91340641946636
178,SPHERE,3,gaussmut,onepoint,best,elitism,100,100,0.0015341380000002403,386.1625091139526
179,SPHERE,3,gaussmut,onepoint,best,elitism,100,100,0.0016227810000000176,612.7003024263096
180,SPHERE,3,gaussmut,onepoint,best,elitism,100,100,0.001541404000000135,698.7762386474967
181,SPHERE,3,gaussmut,onepoint,best,elitism,100,100,0.001799187999999674,160.19544870024117
182,SPHERE,3,gaussmut,onepoint,best,elitism,100,100,0.0016540499999999625,569.9250909663424
183,SPHERE,3,gaussmut,onepoint,best,elitism,100,100,0.0015129859999998274,205.28198074924632
184,SPHERE,3,gaussmut,onepoint,best,elitism,100,100,0.001544850000000153,1122.6142728228797
185,SPHERE,3,gaussmut,onepoint,best,elitism,100,100,0.0015093739999993971,933.8693560195384
186,SPHERE,3,gaussmut,onepoint,best,elitism,100,100,0.001554516000000561,864.2133010276607
187,SPHERE,3,gaussmut,onepoint,best,elitism,100,100,0.0017142849999993715,349.6185598624082
188,SPHERE,3,gaussmut,onepoint,best,elitism,100,100,0.0017610230000002502,287.63968531731484
189,SPHERE,3,gaussmut,onepoint,best,elitism,100,100,0.001525424999999636,1135.539371140323
190,SPHERE,3,gaussmut,onepoint,best,elitism,100,100,0.0015055640000003478,379.64996086681253
191,SPHERE,3,gaussmut,onepoint,best,elitism,100,100,0.0015354299999996712,845.7086354524482
192,SPHERE,3,gaussmut,onepoint,best,elitism,100,100,0.0015677620000005277,597.2253884268831
193,SPHERE,3,gaussmut,onepoint,best,elitism,100,100,0.0015852670000002789,276.1179129501165
194,SPHERE,3,gaussmut,onepoint,best,elitism,100,100,0.0017285249999998697,385.09050449192523
195,SPHERE,3,gaussmut,onepoint,best,elitism,100,100,0.0015641870000004943,278.82287197741016
196,SPHERE,3,gaussmut,onepoint,best,elitism,100,100,0.001610707000000211,1248.274664862113
197,SPHERE,3,gaussmut,onepoint,best,elitism,100,100,0.0015162189999999853,792.9903947662649
198,SPHERE,3,gaussmut,onepoint,best,elitism,100,100,0.0015106079999993582,932.7902695679325
199,SPHERE,3,gaussmut,onepoint,best,elitism,100,100,0.0015080510000000658,618.4277224962186
200,SPHERE,3,gaussmut,onepoint,best,elitism,100,100,0.0015838360000000051,144.8893668873986
201,SPHERE,3,gaussmut,onepoint,best,elitism,100,100,0.0015303829999995244,537.9254279367567
202,SPHERE,3,gaussmut,onepoint,best,elitism,100,100,0.0017267040000001899,344.23507980638567
203,SPHERE,3,gaussmut,onepoint,best,elitism,100,100,0.0016695140000004827,1384.652941805263
204,SPHERE,3,gaussmut,onepoint,best,elitism,100,100,0.001520537999999405,647.2415695725423
205,SPHERE,3,gaussmut,onepoint,best,elitism,100,100,0.0014989700000000994,676.6188676616521
206,SPHERE,3,gaussmut,onepoint,best,elitism,100,100,0.0014967730000003954,885.8236230056176
207,SPHERE,3,gaussmut,onepoint,best,elitism,100,100,0.0015838129999998785,97.2675989322866
208,SPHERE,3,gaussmut,onepoint,best,elitism,100,100,0.0016216650000000499,644.2912378680116
209,SPHERE,3,gaussmut,onepoint,best,elitism,100,100,0.0015567220000001214,488.15916459097707
210,SPHERE,3,gaussmut,onepoint,best,elitism,100,100,0.0016332379999992597,856.4133256259413
211,SPHERE,3,gaussmut,onepoint,best,elitism,100,100,0.001526273000000522,557.7866714486408
212,SPHERE,3,gaussmut,onepoint,best,elitism,100,100,0.0015269890000002562,506.1404161853362
213,SPHERE,3,gaussmut,onepoint,best,elitism,100,100,0.0015059100000005543,391.3586573916683
214,SPHERE,3,gaussmut,onepoint,best,elitism,100,100,0.0017452059999998326,1497.1391591418774
215,SPHERE,3,gaussmut,onepoint,best,elitism,100,100,0.0017265320000001694,1239.888425492848
216,SPHERE,3,gaussmut,onepoint,best,elitism,100,100,0.001651853999999453,84.25108417015979
217,SPHERE,3,gaussmut,onepoint,best,elitism,100,100,0.0018254770000005749,448.1591645446041
218,SPHERE,3,gaussmut,onepoint,best,elitism,100,100,0.0015641060000000095,533.5247097124518
219,SPHERE,3,gaussmut,onepoint,best,elitism,100,100,0.0015492519999993348,949.3418731078212
220,SPHERE,3,gaussmut,onepoint,best,elitism,100,100,0.0015412780000003679,758.6631956704481
221,SPHERE,3,gaussmut,onepoint,best,elitism,100,100,0.0016503599999992957,708.413823664458
222,SPHERE,3,gaussmut,onepoint,best,elitism,100,100,0.0015955050000000526,653.8988852749845
223,SPHERE,3,gaussmut,onepoint,best,elitism,100,100,0.00156034000000016,919.3691397277897
224,SPHERE,3,gaussmut,onepoint,best,elitism,100,100,0.0017965969999993447,27.856648481192963
225,SPHERE,3,gaussmut,onepoint,best,elitism,100,100,0.0015514860000003239,1381.3462466209824
226,SPHERE,3,gaussmut,onepoint,best,elitism,100,100,0.0015148639999997826,154.69085484248671
227,SPHERE,3,gaussmut,onepoint,best,elitism,100,100,0.0015236979999997402,405.2076064313895
228,SPHERE,3,gaussmut,onepoint,best,elitism,100,100,0.0016349089999998512,806.6977758596498
229,SPHERE,3,gaussmut,onepoint,best,elitism,100,100,0.0015259849999997854,379.99626497907
230,SPHERE,3,gaussmut,onepoint,best,elitism,100,100,0.001709281000000118,801.2242513272149
231,SPHERE,3,gaussmut,onepoint,best,elitism,100,100,0.0018639499999997255,1272.9846458609143
232,SPHERE,3,gaussmut,onepoint,best,elitism,100,100,0.0015162030000004378,527.7734352438798
233,SPHERE,3,gaussmut,onepoint,best,elitism,100,100,0.00152767400000009,807.0599365635271
234,SPHERE,3,gaussmut,onepoint,best,elitism,100,100,0.00167650199999958,590.9147857925495
235,SPHERE,3,gaussmut,onepoint,best,elitism,100,100,0.0018208100000007832,1006.8021503562561
236,SPHERE,3,gaussmut,onepoint,best,elitism,100,100,0.0017956000000003414,552.0529882561408
237,SPHERE,3,gaussmut,onepoint,best,elitism,100,100,0.0018576530000000702,205.79590260520737
238,SPHERE,3,gaussmut,onepoint,best,elitism,100,100,0.0016242840000000314,164.22161058120048
239,SPHERE,3,gaussmut,onepoint,best,elitism,100,100,0.0016182449999995185,1818.8095516668313
240,SPHERE,3,gaussmut,onepoint,best,elitism,100,100,0.0016074729999999704,264.31209984458627
241,SPHERE,3,gaussmut,onepoint,best,elitism,100,100,0.0015955039999999698,1020.2145133572235
242,SPHERE,3,gaussmut,onepoint,best,elitism,100,100,0.0019327259999997182,360.51459279024664
243,SPHERE,3,gaussmut,onepoint,best,elitism,100,100,0.0019515449999998324,453.9087502917612
244,SPHERE,3,gaussmut,onepoint,best,elitism,100,100,0.002406445999999285,356.43296706651495
245,SPHERE,3,gaussmut,onepoint,best,elitism,100,100,0.0017249870000002332,502.4922394094008
246,SPHERE,3,gaussmut,onepoint,best,elitism,100,100,0.001917916999999214,493.18420042398844
247,SPHERE,3,gaussmut,onepoint,best,elitism,100,100,0.0016079470000001095,145.6828805423561
248,SPHERE,3,gaussmut,onepoint,best,elitism,100,100,0.001786695999999921,704.2924121576319
249,SPHERE,3,gaussmut,onepoint,best,elitism,100,100,0.0018311199999994088,1589.4696110971556
250,SPHERE,3,gaussmut,onepoint,best,elitism,100,100,0.0019991690000003004,1635.5953534280038
251,SPHERE,3,gaussmut,onepoint,best,elitism,100,100,0.001520396999999285,11.68924214047706
252,SPHERE,3,gaussmut,onepoint,best,elitism,100,100,0.0015289780000005138,154.70156288158893
253,SPHERE,3,gaussmut,onepoint,best,elitism,100,100,0.001562235999999828,296.6222306162332
254,SPHERE,3,gaussmut,onepoint,best,elitism,100,100,0.0017786070000003207,148.0469208713327
255,SPHERE,3,gaussmut,onepoint,best,elitism,100,100,0.001698633999999366,158.31146656375125
256,SPHERE,3,gaussmut,onepoint,best,elitism,100,100,0.0015437870000001297,512.6237275739571
257,SPHERE,3,gaussmut,onepoint,best,elitism,100,100,0.0017798720000001822,113.23730604973491
258,SPHERE,3,gaussmut,onepoint,best,elitism,100,100,0.00161733499999972,952.4625348589509
259,SPHERE,3,gaussmut,onepoint,best,elitism,100,100,0.0015235320000002162,719.91208306468
260,SPHERE,3,gaussmut,onepoint,best,elitism,100,100,0.0015658410000005674,72.03970593965443
261,SPHERE,3,gaussmut,onepoint,best,elitism,100,100,0.00188597200000018,6.916029630301432
262,SPHERE,3,gaussmut,onepoint,best,elitism,100,100,0.0015611839999998267,100.0745698955967
263,SPHERE,3,gaussmut,onepoint,best,elitism,100,100,0.0016786299999997922,634.1419726316102
264,SPHERE,3,gaussmut,onepoint,best,elitism,100,100,0.0017851480000006248,722.4969121622432
265,SPHERE,3,gaussmut,onepoint,best,elitism,100,100,0.0015188429999994923,292.8838722018534
266,SPHERE,3,gaussmut,onepoint,best,elitism,100,100,0.001513435999999757,833.7272153136765
267,SPHERE,3,gaussmut,onepoint,best,elitism,100,100,0.001514783000000186,21.922575126540302
268,SPHERE,3,gaussmut,onepoint,best,elitism,100,100,0.0016068080000000151,1016.9695226166175
269,SPHERE,3,gaussmut,onepoint,best,elitism,100,100,0.0015911389999994086,572.2731220966607
270,SPHERE,3,gaussmut,onepoint,best,elitism,100,100,0.001635560999999619,637.4978098921442
271,SPHERE,3,gaussmut,onepoint,best,elitism,100,100,0.0019524070000001004,927.3514128465691
272,SPHERE,3,gaussmut,onepoint,best,elitism,100,100,0.001862548000000075,175.38353600814767
273,SPHERE,3,gaussmut,onepoint,best,elitism,100,100,0.001513899999999957,886.3622865808519
274,SPHERE,3,gaussmut,onepoint,best,elitism,100,100,0.001534487000000695,1100.9063847438474
275,SPHERE,3,gaussmut,onepoint,best,elitism,100,100,0.0015307509999997748,854.5096614708864
276,SPHERE,3,gaussmut,onepoint,best,elitism,100,100,0.0016211639999994532,197.79695421129392
277,SPHERE,3,gaussmut,onepoint,best,elitism,100,100,0.0016114319999998017,457.9388567808552
278,SPHERE,3,gaussmut,onepoint,best,elitism,100,100,0.0018306360000002186,335.6450392397986
279,SPHERE,3,gaussmut,onepoint,best,elitism,100,100,0.001763554000000056,257.1715928526191
280,SPHERE,3,gaussmut,onepoint,best,elitism,100,100,0.001610879999999426,1016.7680970068749
281,SPHERE,3,gaussmut,onepoint,best,elitism,100,100,0.0017950899999998882,519.2479937709838
282,SPHERE,3,gaussmut,onepoint,best,elitism,100,100,0.0017098429999995446,505.7750870789763
283,SPHERE,3,gaussmut,onepoint,best,elitism,100,100,0.0016553090000002157,1264.7980410165094
284,SPHERE,3,gaussmut,onepoint,best,elitism,100,100,0.0019261620000001756,368.3695428477571
285,SPHERE,3,gaussmut,onepoint,best,elitism,100,100,0.0016275569999999462,1212.3479093737224
286,SPHERE,3,gaussmut,onepoint,best,elitism,100,100,0.0015217889999998846,136.31223154036076
287,SPHERE,3,gaussmut,onepoint,best,elitism,100,100,0.0015272120000000555,369.33953631185796
288,SPHERE,3,gaussmut,onepoint,best,elitism,100,100,0.0016196680000000185,427.3167411939914
289,SPHERE,3,gaussmut,onepoint,best,elitism,100,100,0.001584244999999207,351.3714480479668
290,SPHERE,3,gaussmut,onepoint,best,elitism,100,100,0.001684293000000281,450.22927551368304
291,SPHERE,3,gaussmut,onepoint,best,elitism,100,100,0.002101948000000853,578.6943278035642
292,SPHERE,3,gaussmut,onepoint,best,elitism,100,100,0.0015445669999998302,490.4882800075291
293,SPHERE,3,gaussmut,onepoint,best,elitism,100,100,0.0015212099999999396,415.8508080538937
294,SPHERE,3,gaussmut,onepoint,best,elitism,100,100,0.0015786939999999916,620.0095133445113
295,SPHERE,3,gaussmut,onepoint,best,elitism,100,100,0.0016563149999999638,414.4871129268706
296,SPHERE,3,gaussmut,onepoint,best,elitism,100,100,0.0015930050000001472,264.57399931706357
297,SPHERE,3,gaussmut,onepoint,best,elitism,100,100,0.0023629660000006325,471.40392914295444
298,SPHERE,3,gaussmut,onepoint,best,elitism,100,100,0.0016448779999995722,442.7424784422687
299,SPHERE,3,gaussmut,onepoint,best,elitism,100,100,0.0015427739999998025,230.1459327588348
300,SPHERE,3,gaussmut,onepoint,best,elitism,100,100,0.0015312480000000406,529.6943298980951
301,SPHERE,3,gaussmut,onepoint,best,elitism,100,100,0.0016908329999996141,688.2902043560218
302,SPHERE,3,gaussmut,onepoint,best,elitism,100,100,0.0016476299999999,1107.4016491444854
303,SPHERE,3,gaussmut,onepoint,best,elitism,100,100,0.0016454770000002839,1067.68008749425
304,SPHERE,3,gaussmut,onepoint,best,elitism,100,100,0.0017387920000002666,428.4805602146433
305,SPHERE,3,gaussmut,onepoint,best,elitism,100,100,0.0019107859999998311,1117.338004271934
306,SPHERE,3,gaussmut,onepoint,best,elitism,100,100,0.0016093609999998648,138.09072941071054
307,SPHERE,3,gaussmut,onepoint,best,elitism,100,100,0.0015779739999999265,946.7997693816003
308,SPHERE,3,gaussmut,onepoint,best,elitism,100,100,0.001530555000000433,779.7645431390391
309,SPHERE,3,gaussmut,onepoint,best,elitism,100,100,0.001640068000000383,119.55569176619886
310,SPHERE,3,gaussmut,onepoint,best,elitism,100,100,0.0017390639999996793,192.08424862504978
311,SPHERE,3,gaussmut,onepoint,best,elitism,100,100,0.001809480000000363,1743.7319415897607
312,SPHERE,3,gaussmut,onepoint,best,elitism,100,100,0.0016850389999998328,1245.9778153277384
313,SPHERE,3,gaussmut,onepoint,best,elitism,100,100,0.0016049570000005176,376.95045824936085
314,SPHERE,3,gaussmut,onepoint,best,elitism,100,100,0.0015658250000001317,938.4217959229625
315,SPHERE,3,gaussmut,onepoint,best,elitism,100,100,0.0017263860000005238,1121.7938092699849
316,SPHERE,3,gaussmut,onepoint,best,elitism,100,100,0.0016158209999996842,823.7685402359543
317,SPHERE,3,gaussmut,onepoint,best,elitism,100,100,0.001898997000000513,203.04251189058797
318,SPHERE,3,gaussmut,onepoint,best,elitism,100,100,0.0018118999999998664,698.2835325321566
319,SPHERE,3,gaussmut,onepoint,best,elitism,100,100,0.001530725000000288,224.81943100310178
320,SPHERE,3,gaussmut,onepoint,best,elitism,100,100,0.001528009999999469,1885.4001771088024
321,SPHERE,3,gaussmut,onepoint,best,elitism,100,100,0.0015972359999993913,72.52452832268743
322,SPHERE,3,gaussmut,onepoint,best,elitism,100,100,0.0017128280000004992,493.47531111651114
323,SPHERE,3,gaussmut,onepoint,best,elitism,100,100,0.0015942380000000256,676.3372886392993
324,SPHERE,3,gaussmut,onepoint,best,elitism,100,100,0.0017732400000003423,352.6360302327197
325,SPHERE,3,gaussmut,onepoint,best,elitism,100,100,0.0017478890000006686,550.1795664003453
326,SPHERE,3,gaussmut,onepoint,best,elitism,100,100,0.0016643800000002429,393.62236606745023
327,SPHERE,3,gaussmut,onepoint,best,elitism,100,100,0.0015893209999999769,759.4293600608792
328,SPHERE,3,gaussmut,onepoint,best,elitism,100,100,0.001533096000000178,515.33865055472
329,SPHERE,3,gaussmut,onepoint,best,elitism,100,100,0.0016959469999999754,146.81974392168848
330,SPHERE,3,gaussmut,onepoint,best,elitism,100,100,0.0016380930000003957,504.82227294855886
331,SPHERE,3,gaussmut,onepoint,best,elitism,100,100,0.0016283480000005568,170.3897312662378
332,SPHERE,3,gaussmut,onepoint,best,elitism,100,100,0.0017243819999999133,1006.4672036535848
333,SPHERE,3,gaussmut,onepoint,best,elitism,100,100,0.0015489789999998393,916.4031412334406
334,SPHERE,3,gaussmut,onepoint,best,elitism,100,100,0.0016223619999999883,509.84244469384305
335,SPHERE,3,gaussmut,onepoint,best,elitism,100,100,0.0015916770000004021,346.4750578836125
336,SPHERE,3,gaussmut,onepoint,best,elitism,100,100,0.0017515489999997413,93.28939487155037
337,SPHERE,3,gaussmut,onepoint,best,elitism,100,100,0.0015973489999998591,436.2512144206875
338,SPHERE,3,gaussmut,onepoint,best,elitism,100,100,0.00172034299999968,380.2483271604889
339,SPHERE,3,gaussmut,onepoint,best,elitism,100,100,0.0016864280000001841,269.6125851110122
340,SPHERE,3,gaussmut,onepoint,best,elitism,100,100,0.0015621430000001268,957.4008876518412
341,SPHERE,3,gaussmut,onepoint,best,elitism,100,100,0.0015306329999997814,500.9218793674347
342,SPHERE,3,gaussmut,onepoint,best,elitism,100,100,0.0015328980000006709,1356.2671658041215
343,SPHERE,3,gaussmut,onepoint,best,elitism,100,100,0.0016687940000004176,363.6157896509679
344,SPHERE,3,gaussmut,onepoint,best,elitism,100,100,0.0017330370000001594,1031.0159997557355
345,SPHERE,3,gaussmut,onepoint,best,elitism,100,100,0.00191944499999952,285.22319874390854
346,SPHERE,3,gaussmut,onepoint,best,elitism,100,100,0.0015539840000000638,721.980719746472
347,SPHERE,3,gaussmut,onepoint,best,elitism,100,100,0.0015667979999998138,44.272122015723816
348,SPHERE,3,gaussmut,onepoint,best,elitism,100,100,0.001520872000000395,1770.1295868168272
349,SPHERE,3,gaussmut,onepoint,best,elitism,100,100,0.0015308980000003913,1518.6033857095497
350,SPHERE,3,gaussmut,onepoint,best,elitism,100,100,0.0016741019999999551,1125.8480979512615
351,SPHERE,3,gaussmut,onepoint,best,elitism,100,100,0.001664785000000002,910.6772141649653
352,SPHERE,3,gaussmut,onepoint,best,elitism,100,100,0.0018831959999996428,195.02986707747567
353,SPHERE,3,gaussmut,onepoint,best,elitism,100,100,0.0015494849999999616,1374.240410408124
354,SPHERE,3,gaussmut,onepoint,best,elitism,100,100,0.0015245850000003003,480.38592374367255
355,SPHERE,3,gaussmut,onepoint,best,elitism,100,100,0.0015293979999997376,477.1134257231388
356,SPHERE,3,gaussmut,onepoint,best,elitism,100,100,0.0015509829999995617,465.10864897628915
357,SPHERE,3,gaussmut,onepoint,best,elitism,100,100,0.0016319290000001985,765.1689540509541
358,SPHERE,3,gaussmut,onepoint,best,elitism,100,100,0.0015178899999996887,502.0418089272019
359,SPHERE,3,gaussmut,onepoint,best,elitism,100,100,0.0017333989999999133,1389.1294083107298
360,SPHERE,3,gaussmut,onepoint,best,elitism,100,100,0.0016836140000000555,543.5679176886363
361,SPHERE,3,gaussmut,onepoint,best,elitism,100,100,0.0015308059999998846,239.19208657127442
362,SPHERE,3,gaussmut,onepoint,best,elitism,100,100,0.001505169000000528,1536.3580974558413
363,SPHERE,3,gaussmut,onepoint,best,elitism,100,100,0.001517757999999425,205.14692995180405
364,SPHERE,3,gaussmut,onepoint,best,elitism,100,100,0.0015617710000004337,453.33368621531264
365,SPHERE,3,gaussmut,onepoint,best,elitism,100,100,0.0015995819999998773,920.7377283144112
366,SPHERE,3,gaussmut,onepoint,best,elitism,100,100,0.0016502999999996604,511.1841822689902
367,SPHERE,3,gaussmut,onepoint,best,elitism,100,100,0.0016984039999998757,908.3492832378289
368,SPHERE,3,gaussmut,onepoint,best,elitism,100,100,0.0015474870000007357,587.8024940960328
369,SPHERE,3,gaussmut,onepoint,best,elitism,100,100,0.001525154000000306,353.5029295880178
370,SPHERE,3,gaussmut,onepoint,best,elitism,100,100,0.0015645439999998345,684.3034089662003
371,SPHERE,3,gaussmut,onepoint,best,elitism,100,100,0.0016220000000002344,797.8033359929335
372,SPHERE,3,gaussmut,onepoint,best,elitism,100,100,0.0016198420000002045,542.0496400782305
373,SPHERE,3,gaussmut,onepoint,best,elitism,100,100,0.0019155450000001295,572.486501096042
374,SPHERE,3,gaussmut,onepoint,best,elitism,100,100,0.0016721710000000556,929.0763865117162
375,SPHERE,3,gaussmut,onepoint,best,elitism,100,100,0.001527706000000073,396.40024729351023
376,SPHERE,3,gaussmut,onepoint,best,elitism,100,100,0.0015670050000000657,862.5874409977921
377,SPHERE,3,gaussmut,onepoint,best,elitism,100,100,0.0015939480000000117,81.21012221270242
378,SPHERE,3,gaussmut,onepoint,best,elitism,100,100,0.0016289220000000881,178.29794257926514
379,SPHERE,3,gaussmut,onepoint,best,elitism,100,100,0.0015884469999996043,169.5520025920103
380,SPHERE,3,gaussmut,onepoint,best,elitism,100,100,0.0017202879999995702,976.9566331535257
381,SPHERE,3,gaussmut,onepoint,best,elitism,100,100,0.0016477919999999813,161.04437538378767
382,SPHERE,3,gaussmut,onepoint,best,elitism,100,100,0.0016653900000003219,1115.8527086664874
383,SPHERE,3,gaussmut,onepoint,best,elitism,100,100,0.0016050569999999098,1118.1586780694533
384,SPHERE,3,gaussmut,onepoint,best,elitism,100,100,0.0016509110000004767,1464.515157307603
385,SPHERE,3,gaussmut,onepoint,best,elitism,100,100,0.0015258569999998528,539.7599568972988
386,SPHERE,3,gaussmut,onepoint,best,elitism,100,100,0.001621082000000662,299.7481529298592
387,SPHERE,3,gaussmut,onepoint,best,elitism,100,100,0.0019004640000002126,968.2375644442527
388,SPHERE,3,gaussmut,onepoint,best,elitism,100,100,0.0015453440000001706,523.2306823305803
389,SPHERE,3,gaussmut,onepoint,best,elitism,100,100,0.0015705580000000552,385.74037641485637
390,SPHERE,3,gaussmut,onepoint,best,elitism,100,100,0.0016044529999996726,478.867477033476
391,SPHERE,3,gaussmut,onepoint,best,elitism,100,100,0.0017521139999994162,807.0908322512255
392,SPHERE,3,gaussmut,onepoint,best,elitism,100,100,0.0016019900000001641,163.62122004176166
393,SPHERE,3,gaussmut,onepoint,best,elitism,100,100,0.0017931959999994973,296.1055110374947
394,SPHERE,3,gaussmut,onepoint,best,elitism,100,100,0.0018020540000005525,333.6702262153898
395,SPHERE,3,gaussmut,onepoint,best,elitism,100,100,0.001518735999999521,178.3767596897457
396,SPHERE,3,gaussmut,onepoint,best,elitism,100,100,0.0014889669999993416,519.5981569143577
397,SPHERE,3,gaussmut,onepoint,best,elitism,100,100,0.0015797739999996452,1836.7242597333661
398,SPHERE,3,gaussmut,onepoint,best,elitism,100,100,0.0016458280000000158,727.1605665085357
399,SPHERE,3,gaussmut,onepoint,best,elitism,100,100,0.0016122940000000696,31.751377716746635
400,SPHERE,3,gaussmut,onepoint,best,elitism,100,100,0.0019139749999999012,641.783239833183
401,SPHERE,3,gaussmut,onepoint,best,elitism,100,100,0.001588342999999881,362.6141325661614
402,SPHERE,3,gaussmut,onepoint,best,elitism,100,100,0.0015132070000003495,291.913525622353
403,SPHERE,3,gaussmut,onepoint,best,elitism,100,100,0.0015066770000000673,412.6874001343023
404,SPHERE,3,gaussmut,onepoint,best,elitism,100,100,0.0014999929999994777,1138.0275791757665
405,SPHERE,3,gaussmut,onepoint,best,elitism,100,100,0.001487377000000123,1299.84919573887
406,SPHERE,3,gaussmut,onepoint,best,elitism,100,100,0.0016490249999998596,721.1590471155769
407,SPHERE,3,gaussmut,onepoint,best,elitism,100,100,0.0016299919999998025,1159.4473701847446
408,SPHERE,3,gaussmut,onepoint,best,elitism,100,100,0.0017256640000002932,1053.4461689242228
409,SPHERE,3,gaussmut,onepoint,best,elitism,100,100,0.0015245150000007257,712.7076789690868
410,SPHERE,3,gaussmut,onepoint,best,elitism,100,100,0.001538541000000393,481.7748983130026
411,SPHERE,3,gaussmut,onepoint,best,elitism,100,100,0.0015469920000006354,865.0159912422718
412,SPHERE,3,gaussmut,onepoint,best,elitism,100,100,0.0015316670000000698,257.04722829780735
413,SPHERE,3,gaussmut,onepoint,best,elitism,100,100,0.0016429220000002687,1365.2909204679154
414,SPHERE,3,gaussmut,onepoint,best,elitism,100,100,0.0017631360000001095,1621.2917710135464
415,SPHERE,3,gaussmut,onepoint,best,elitism,100,100,0.001800256000000111,1566.3498265864584
416,SPHERE,3,gaussmut,onepoint,best,elitism,100,100,0.0015242390000000938,426.17313423435
417,SPHERE,3,gaussmut,onepoint,best,elitism,100,100,0.0015130809999996941,558.5341816626295
418,SPHERE,3,gaussmut,onepoint,best,elitism,100,100,0.0015276029999995444,978.7830472584061
419,SPHERE,3,gaussmut,onepoint,best,elitism,100,100,0.0015929919999999598,637.3026120812965
420,SPHERE,3,gaussmut,onepoint,best,elitism,100,100,0.0015218189999997023,789.0174498936527
421,SPHERE,3,gaussmut,onepoint,best,elitism,100,100,0.0017518869999992859,564.783193146585
422,SPHERE,3,gaussmut,onepoint,best,elitism,100,100,0.0018770510000001295,1861.773977313113
423,SPHERE,3,gaussmut,onepoint,best,elitism,100,100,0.0015929889999997116,537.2434195120326
424,SPHERE,3,gaussmut,onepoint,best,elitism,100,100,0.0015016490000006044,557.9145373002342
425,SPHERE,3,gaussmut,onepoint,best,elitism,100,100,0.001557723000000344,421.59966097637033
426,SPHERE,3,gaussmut,onepoint,best,elitism,100,100,0.0016781579999998186,1448.3791556863814
427,SPHERE,3,gaussmut,onepoint,best,elitism,100,100,0.0016378719999998737,670.0074154048009
428,SPHERE,3,gaussmut,onepoint,best,elitism,100,100,0.002126304999999995,1165.0537309752324
429,SPHERE,3,gaussmut,onepoint,best,elitism,100,100,0.002317208000000015,625.0886715837305
430,SPHERE,3,gaussmut,onepoint,best,elitism,100,100,0.0015687619999997793,1425.835775779574
431,SPHERE,3,gaussmut,onepoint,best,elitism,100,100,0.0016538449999998761,536.9482119797633
432,SPHERE,3,gaussmut,onepoint,best,elitism,100,100,0.0016224229999997064,1364.7960518725222
433,SPHERE,3,gaussmut,onepoint,best,elitism,100,100,0.0017079219999995843,698.5018741782727
434,SPHERE,3,gaussmut,onepoint,best,elitism,100,100,0.0018003159999997465,574.6861053550522
435,SPHERE,3,gaussmut,onepoint,best,elitism,100,100,0.0018895840000006103,473.8523165792266
436,SPHERE,3,gaussmut,onepoint,best,elitism,100,100,0.001601408000000859,612.5435950490266
437,SPHERE,3,gaussmut,onepoint,best,elitism,100,100,0.0014983059999993387,1217.5178827593122
438,SPHERE,3,gaussmut,onepoint,best,elitism,100,100,0.0014855169999998807,369.8460596136363
439,SPHERE,3,gaussmut,onepoint,best,elitism,100,100,0.0016556720000000524,1174.8626352459146
440,SPHERE,3,gaussmut,onepoint,best,elitism,100,100,0.0017174329999996019,437.9355157849385
441,SPHERE,3,gaussmut,onepoint,best,elitism,100,100,0.001864613999999598,510.17977917135903
442,SPHERE,3,gaussmut,onepoint,best,elitism,100,100,0.0018333769999996363,403.7335193706265
443,SPHERE,3,gaussmut,onepoint,best,elitism,100,100,0.0015051619999999488,452.7498003747563
444,SPHERE,3,gaussmut,onepoint,best,elitism,100,100,0.0016069039999999646,1669.0304333925653
445,SPHERE,3,gaussmut,onepoint,best,elitism,100,100,0.0015830699999996867,528.0670918083206
446,SPHERE,3,gaussmut,onepoint,best,elitism,100,100,0.0015369830000002693,693.3645641140787
447,SPHERE,3,gaussmut,onepoint,best,elitism,100,100,0.0016836649999998343,196.42045706120365
448,SPHERE,3,gaussmut,onepoint,best,elitism,100,100,0.0018676669999999618,1166.2553407426617
449,SPHERE,3,gaussmut,onepoint,best,elitism,100,100,0.001697002000000225,326.5753364632093
450,SPHERE,3,gaussmut,onepoint,best,elitism,100,100,0.0014996910000002472,912.5389627373673
451,SPHERE,3,gaussmut,onepoint,best,elitism,100,100,0.0015248409999992774,446.670945897745
452,SPHERE,3,gaussmut,onepoint,best,elitism,100,100,0.0016386099999996517,916.4502435330226
453,SPHERE,3,gaussmut,onepoint,best,elitism,100,100,0.0016644600000006449,250.80707109440024
454,SPHERE,3,gaussmut,onepoint,best,elitism,100,100,0.0018824110000004168,510.8150624589164
455,SPHERE,3,gaussmut,onepoint,best,elitism,100,100,0.0018527499999994035,731.9076242529552
456,SPHERE,3,gaussmut,onepoint,best,elitism,100,100,0.0015732260000005382,241.04977926485495
457,SPHERE,3,gaussmut,onepoint,best,elitism,100,100,0.00151202500000025,400.0795370533545
458,SPHERE,3,gaussmut,onepoint,best,elitism,100,100,0.0015940419999997957,740.5778096866321
459,SPHERE,3,gaussmut,onepoint,best,elitism,100,100,0.0015227439999998538,824.7840067938456
460,SPHERE,3,gaussmut,onepoint,best,elitism,100,100,0.001613562999999374,373.4192898754506
461,SPHERE,3,gaussmut,onepoint,best,elitism,100,100,0.0017014409999998037,514.5667320762982
462,SPHERE,3,gaussmut,onepoint,best,elitism,100,100,0.0020335419999994997,1003.1117234890783
463,SPHERE,3,gaussmut,onepoint,best,elitism,100,100,0.0016076219999998642,1333.9057657593412
464,SPHERE,3,gaussmut,onepoint,best,elitism,100,100,0.001554858999999631,514.837290313662
465,SPHERE,3,gaussmut,onepoint,best,elitism,100,100,0.0015164619999996631,595.6632076693227
466,SPHERE,3,gaussmut,onepoint,best,elitism,100,100,0.0017561470000000412,705.1383706446974
467,SPHERE,3,gaussmut,onepoint,best,elitism,100,100,0.0016100999999997256,2248.7667431328064
468,SPHERE,3,gaussmut,onepoint,best,elitism,100,100,0.0018019080000000187,1124.6141429061643
469,SPHERE,3,gaussmut,onepoint,best,elitism,100,100,0.0017426690000004186,816.7215519126082
470,SPHERE,3,gaussmut,onepoint,best,elitism,100,100,0.0015779629999999045,641.2911372693843
471,SPHERE,3,gaussmut,onepoint,best,elitism,100,100,0.0015726540000002842,288.0165788096955
472,SPHERE,3,gaussmut,onepoint,best,elitism,100,100,0.0015542029999995322,935.2198347904828
473,SPHERE,3,gaussmut,onepoint,best,elitism,100,100,0.0016301330000008107,742.186461846522
474,SPHERE,3,gaussmut,onepoint,best,elitism,100,100,0.0019222320000000792,351.75507053579537
475,SPHERE,3,gaussmut,onepoint,best,elitism,100,100,0.00219097499999954,76.07638985401827
476,SPHERE,3,gaussmut,onepoint,best,elitism,100,100,0.0015510819999997594,671.2233847755086
477,SPHERE,3,gaussmut,onepoint,best,elitism,100,100,0.0015417129999999446,408.4429704724686
478,SPHERE,3,gaussmut,onepoint,best,elitism,100,100,0.001601560000000113,627.8865393420689
479,SPHERE,3,gaussmut,onepoint,best,elitism,100,100,0.0015188290000001103,172.59397636794824
480,SPHERE,3,gaussmut,onepoint,best,elitism,100,100,0.0016484260000000361,389.2853954349106
481,SPHERE,3,gaussmut,onepoint,best,elitism,100,100,0.0019354390000003718,32.47026782878291
482,SPHERE,3,gaussmut,onepoint,best,elitism,100,100,0.0022340789999999444,128.02138500948683
483,SPHERE,3,gaussmut,onepoint,best,elitism,100,100,0.0016388979999995001,479.82968049534315
484,SPHERE,3,gaussmut,onepoint,best,elitism,100,100,0.0015718290000004131,114.12411878585331
485,SPHERE,3,gaussmut,onepoint,best,elitism,100,100,0.0015203779999994893,343.8719864151992
486,SPHERE,3,gaussmut,onepoint,best,elitism,100,100,0.0017349539999997887,1048.860616097525
487,SPHERE,3,gaussmut,onepoint,best,elitism,100,100,0.001766101999999492,796.4863669679168
488,SPHERE,3,gaussmut,onepoint,best,elitism,100,100,0.002075411999999943,627.1786797488181
489,SPHERE,3,gaussmut,onepoint,best,elitism,100,100,0.0017361839999994189,71.5430163791042
490,SPHERE,3,gaussmut,onepoint,best,elitism,100,100,0.0019194469999996855,574.3869117909869
491,SPHERE,3,gaussmut,onepoint,best,elitism,100,100,0.0015661920000002993,167.11256654194244
492,SPHERE,3,gaussmut,onepoint,best,elitism,100,100,0.0016726160000004597,355.27507241262435
493,SPHERE,3,gaussmut,onepoint,best,elitism,100,100,0.0017172349999992065,163.52784723122926
494,SPHERE,3,gaussmut,onepoint,best,elitism,100,100,0.0022046930000003684,691.8499719062941
495,SPHERE,3,gaussmut,onepoint,best,elitism,100,100,0.0022245410000003574,168.5778773267114
496,SPHERE,3,gaussmut,onepoint,best,elitism,100,100,0.0016280329999993626,252.46566494989526
497,SPHERE,3,gaussmut,onepoint,best,elitism,100,100,0.0015948559999996448,452.07083673338025
498,SPHERE,3,gaussmut,onepoint,best,elitism,100,100,0.0018517760000005268,207.52564453080643
499,SPHERE,3,gaussmut,onepoint,best,elitism,100,100,0.001999636999999943,938.550242481612
500,SPHERE,3,gaussmut,onepoint,best,elitism,100,100,0.0022724539999998683,124.27050533904027
501,SPHERE,3,gaussmut,onepoint,best,elitism,100,100,0.0017942319999999512,270.054940845043
502,SPHERE,3,gaussmut,onepoint,best,elitism,100,100,0.0016595060000001993,706.4423649237426
503,SPHERE,3,gaussmut,onepoint,best,elitism,100,100,0.0016970179999997725,618.7381327482112
504,SPHERE,3,gaussmut,onepoint,best,elitism,100,100,0.0016942449999994835,764.0455062450873
505,SPHERE,3,gaussmut,onepoint,best,elitism,100,100,0.0022812640000005047,1147.5324678584602
506,SPHERE,3,gaussmut,onepoint,best,elitism,100,100,0.002664987000000174,379.93511081087684
507,SPHERE,3,gaussmut,onepoint,best,elitism,100,100,0.0019563009999998826,63.16036098361091
508,SPHERE,3,gaussmut,onepoint,best,elitism,100,100,0.002004892999999619,378.60894033555525
509,SPHERE,3,gaussmut,onepoint,best,elitism,100,100,0.002032734000000147,304.5017364355523
510,SPHERE,3,gaussmut,onepoint,best,elitism,100,100,0.002125683000000045,1314.864572592565
511,SPHERE,3,gaussmut,onepoint,best,elitism,100,100,0.002548276999999821,475.6653469365561
512,SPHERE,3,gaussmut,onepoint,best,elitism,100,100,0.0021382049999996156,836.4280717928452
513,SPHERE,3,gaussmut,onepoint,best,elitism,100,100,0.001890457000000012,864.6947360608394
514,SPHERE,3,gaussmut,onepoint,best,elitism,100,100,0.0018677660000001595,193.94052680611668
515,SPHERE,3,gaussmut,onepoint,best,elitism,100,100,0.0019032219999992606,747.6298909127039
516,SPHERE,3,gaussmut,onepoint,best,elitism,100,100,0.0026969430000001182,646.8411388290119
517,SPHERE,3,gaussmut,onepoint,best,elitism,100,100,0.002228795999999811,648.8599622281298
518,SPHERE,3,gaussmut,onepoint,best,elitism,100,100,0.0022156359999998543,788.3974730123435
519,SPHERE,3,gaussmut,onepoint,best,elitism,100,100,0.0019166029999997392,59.42451502595676
520,SPHERE,3,gaussmut,onepoint,best,elitism,100,100,0.002381150000000609,1231.5802962739137
521,SPHERE,3,gaussmut,onepoint,best,elitism,100,100,0.0025095789999998175,241.15336545758677
522,SPHERE,3,gaussmut,onepoint,best,elitism,100,100,0.002029956999999527,570.5269145640535
523,SPHERE,3,gaussmut,onepoint,best,elitism,100,100,0.0017930210000001168,958.7929119694041
524,SPHERE,3,gaussmut,onepoint,best,elitism,100,100,0.00175477199999996,582.271374626312
525,SPHERE,3,gaussmut,onepoint,best,elitism,100,100,0.0016296369999997395,332.4575295450876
526,SPHERE,3,gaussmut,onepoint,best,elitism,100,100,0.0032514709999995617,1340.478847769692
527,SPHERE,3,gaussmut,onepoint,best,elitism,100,100,0.0022583760000003394,1024.573031682273
528,SPHERE,3,gaussmut,onepoint,best,elitism,100,100,0.0017096880000000425,287.8969155697422
529,SPHERE,3,gaussmut,onepoint,best,elitism,100,100,0.0018544800000004358,1001.0253128567294
530,SPHERE,3,gaussmut,onepoint,best,elitism,100,100,0.0016167280000001227,932.9521021943427
531,SPHERE,3,gaussmut,onepoint,best,elitism,100,100,0.0025542590000000587,884.2617594853574
532,SPHERE,3,gaussmut,onepoint,best,elitism,100,100,0.002097920999999836,361.98736417544933
533,SPHERE,3,gaussmut,onepoint,best,elitism,100,100,0.001762691999999788,1278.8931715165374
534,SPHERE,3,gaussmut,onepoint,best,elitism,100,100,0.001622859000000254,80.85237535499338
535,SPHERE,3,gaussmut,onepoint,best,elitism,100,100,0.0015739919999999685,153.33853663907308
536,SPHERE,3,gaussmut,onepoint,best,elitism,100,100,0.0020721159999999017,793.5627042856098
537,SPHERE,3,gaussmut,onepoint,best,elitism,100,100,0.0028322540000003116,938.9166563994668
538,SPHERE,3,gaussmut,onepoint,best,elitism,100,100,0.0019195339999997785,520.4570183923414
539,SPHERE,3,gaussmut,onepoint,best,elitism,100,100,0.0016545929999995934,175.79128889658162
540,SPHERE,3,gaussmut,onepoint,best,elitism,100,100,0.0015569740000005439,811.0266192246767
541,SPHERE,3,gaussmut,onepoint,best,elitism,100,100,0.0016362739999999931,213.69311898352964
542,SPHERE,3,gaussmut,onepoint,best,elitism,100,100,0.00292695600000048,624.5008261526876
543,SPHERE,3,gaussmut,onepoint,best,elitism,100,100,0.0018256000000000938,836.5517996345923
544,SPHERE,3,gaussmut,onepoint,best,elitism,100,100,0.001744957999999741,1680.62795708181
545,SPHERE,3,gaussmut,onepoint,best,elitism,100,100,0.001602765000000339,642.3415755541268
546,SPHERE,3,gaussmut,onepoint,best,elitism,100,100,0.0015962140000000957,304.2334062611486
547,SPHERE,3,gaussmut,onepoint,best,elitism,100,100,0.0022135070000004475,592.8454095805906
548,SPHERE,3,gaussmut,onepoint,best,elitism,100,100,0.002195434999999968,1297.8673835911186
549,SPHERE,3,gaussmut,onepoint,best,elitism,100,100,0.002121353000000603,310.7771906963003
550,SPHERE,3,gaussmut,onepoint,best,elitism,100,100,0.0015943040000001574,113.67779860883347
551,SPHERE,3,gaussmut,onepoint,best,elitism,100,100,0.0016434990000000482,1189.7736782123181
552,SPHERE,3,gaussmut,onepoint,best,elitism,100,100,0.0015458230000007234,114.38088552717275
553,SPHERE,3,gaussmut,onepoint,best,elitism,100,100,0.0027610860000004678,548.2924923245362
554,SPHERE,3,gaussmut,onepoint,best,elitism,100,100,0.0018640449999995923,963.9675269495738
555,SPHERE,3,gaussmut,onepoint,best,elitism,100,100,0.0015516660000001181,140.38672976160083
556,SPHERE,3,gaussmut,onepoint,best,elitism,100,100,0.0015341950000005156,714.8872305566703
557,SPHERE,3,gaussmut,onepoint,best,elitism,100,100,0.0015253899999994047,593.9520851044899
558,SPHERE,3,gaussmut,onepoint,best,elitism,100,100,0.0016083450000001775,1403.748436353886
559,SPHERE,3,gaussmut,onepoint,best,elitism,100,100,0.0019086869999993539,607.533309660249
560,SPHERE,3,gaussmut,onepoint,best,elitism,100,100,0.0025172639999997415,765.0033573203237
561,SPHERE,3,gaussmut,onepoint,best,elitism,100,100,0.0022027769999999336,1103.5869431023561
562,SPHERE,3,gaussmut,onepoint,best,elitism,100,100,0.0017482000000006437,1163.0186273182712
563,SPHERE,3,gaussmut,onepoint,best,elitism,100,100,0.0016868979999999922,579.4377107327698
564,SPHERE,3,gaussmut,onepoint,best,elitism,100,100,0.0017565519999998003,699.6953452606568
565,SPHERE,3,gaussmut,onepoint,best,elitism,100,100,0.002178266000000484,615.0250054260621
566,SPHERE,3,gaussmut,onepoint,best,elitism,100,100,0.0024127929999995246,779.3066417865846
567,SPHERE,3,gaussmut,onepoint,best,elitism,100,100,0.0019477929999993648,244.78863994070292
568,SPHERE,3,gaussmut,onepoint,best,elitism,100,100,0.0015841220000005762,211.02044151411422
569,SPHERE,3,gaussmut,onepoint,best,elitism,100,100,0.0017508089999997978,227.7140397037523
570,SPHERE,3,gaussmut,onepoint,best,elitism,100,100,0.0018365799999999766,187.11707126776113
571,SPHERE,3,gaussmut,onepoint,best,elitism,100,100,0.0025434679999998266,160.03028174301627
572,SPHERE,3,gaussmut,onepoint,best,elitism,100,100,0.002129960999999625,350.27039885947795
573,SPHERE,3,gaussmut,onepoint,best,elitism,100,100,0.0024089929999995263,402.2209156706939
574,SPHERE,3,gaussmut,onepoint,best,elitism,100,100,0.0026824550000004166,158.3221129341249
575,SPHERE,3,gaussmut,onepoint,best,elitism,100,100,0.0035849959999998404,1274.907469756259
576,SPHERE,3,gaussmut,onepoint,best,elitism,100,100,0.0024704090000007284,508.35735388236355
577,SPHERE,3,gaussmut,onepoint,best,elitism,100,100,0.0020828320000001455,204.51264116270664
578,SPHERE,3,gaussmut,onepoint,best,elitism,100,100,0.0021457920000003128,107.06494865854239
579,SPHERE,3,gaussmut,onepoint,best,elitism,100,100,0.0031782739999997034,815.270721958054
580,SPHERE,3,gaussmut,onepoint,best,elitism,100,100,0.0020931519999995984,529.9178551214286
581,SPHERE,3,gaussmut,onepoint,best,elitism,100,100,0.001892371999999476,1253.4569281971317
582,SPHERE,3,gaussmut,onepoint,best,elitism,100,100,0.0018769789999995012,361.03968434281205
583,SPHERE,3,gaussmut,onepoint,best,elitism,100,100,0.0016823869999997854,417.70543516995656
584,SPHERE,3,gaussmut,onepoint,best,elitism,100,100,0.002701700000000251,644.2394849261267
585,SPHERE,3,gaussmut,onepoint,best,elitism,100,100,0.0018963719999991469,39.65981183170294
586,SPHERE,3,gaussmut,onepoint,best,elitism,100,100,0.0017140060000002677,2277.6391499880715
587,SPHERE,3,gaussmut,onepoint,best,elitism,100,100,0.002005364000000398,488.56800158824115
588,SPHERE,3,gaussmut,onepoint,best,elitism,100,100,0.001990656000000257,616.7388363925946
589,SPHERE,3,gaussmut,onepoint,best,elitism,100,100,0.0022351929999997466,389.48933595720587
590,SPHERE,3,gaussmut,onepoint,best,elitism,100,100,0.0020820499999993913,177.07980901221703
591,SPHERE,3,gaussmut,onepoint,best,elitism,100,100,0.0017230479999996717,589.6814490692923
592,SPHERE,3,gaussmut,onepoint,best,elitism,100,100,0.0016708180000000183,163.42531248530472
593,SPHERE,3,gaussmut,onepoint,best,elitism,100,100,0.0016229540000001208,1109.094292898151
594,SPHERE,3,gaussmut,onepoint,best,elitism,100,100,0.0020058459999994227,477.32213801620577
595,SPHERE,3,gaussmut,onepoint,best,elitism,100,100,0.0020574669999993134,480.52341857711855
596,SPHERE,3,gaussmut,onepoint,best,elitism,100,100,0.002262468000000517,524.244542382739
597,SPHERE,3,gaussmut,onepoint,best,elitism,100,100,0.0019678819999997543,319.1209642207499
598,SPHERE,3,gaussmut,onepoint,best,elitism,100,100,0.0018441750000004475,148.55458460325357
599,SPHERE,3,gaussmut,onepoint,best,elitism,100,100,0.0022483860000006572,743.7500747553622
600,SPHERE,3,gaussmut,onepoint,best,elitism,100,100,0.0024276609999995813,1380.8202516011115
601,SPHERE,3,gaussmut,onepoint,best,elitism,100,100,0.0027908530000004816,163.87438500195606
602,SPHERE,3,gaussmut,onepoint,best,elitism,100,100,0.002643342999999909,131.56651859293402
603,SPHERE,3,gaussmut,onepoint,best,elitism,100,100,0.0018715839999998707,521.5009614093076
604,SPHERE,3,gaussmut,onepoint,best,elitism,100,100,0.002281478999999642,862.5692939323308
605,SPHERE,3,gaussmut,onepoint,best,elitism,100,100,0.003483269999999372,1346.1240079993263
606,SPHERE,3,gaussmut,onepoint,best,elitism,100,100,0.0024290929999999378,425.78017275201626
607,SPHERE,3,gaussmut,onepoint,best,elitism,100,100,0.0020376890000006753,637.314710629124
608,SPHERE,3,gaussmut,onepoint,best,elitism,100,100,0.0022808869999995096,342.7161697410177
609,SPHERE,3,gaussmut,onepoint,best,elitism,100,100,0.0034762580000000654,887.5537013175143
610,SPHERE,3,gaussmut,onepoint,best,elitism,100,100,0.0026718409999997306,456.6864926727114
611,SPHERE,3,gaussmut,onepoint,best,elitism,100,100,0.0021245960000007003,62.33454415080462
612,SPHERE,3,gaussmut,onepoint,best,elitism,100,100,0.0021551840000002542,770.7027799063887
613,SPHERE,3,gaussmut,onepoint,best,elitism,100,100,0.0033268519999998247,782.0990906496302
614,SPHERE,3,gaussmut,onepoint,best,elitism,100,100,0.0023691509999999028,246.08779973626523
615,SPHERE,3,gaussmut,onepoint,best,elitism,100,100,0.001810022999999994,404.58097455830256
616,SPHERE,3,gaussmut,onepoint,best,elitism,100,100,0.0016518849999993535,651.8414873092364
617,SPHERE,3,gaussmut,onepoint,best,elitism,100,100,0.0016121970000000374,618.3203722501888
618,SPHERE,3,gaussmut,onepoint,best,elitism,100,100,0.0026511969999996055,105.6905719566276
619,SPHERE,3,gaussmut,onepoint,best,elitism,100,100,0.003707958999999761,417.7799624197455
620,SPHERE,3,gaussmut,onepoint,best,elitism,100,100,0.001866707000000467,1126.6568208755818
621,SPHERE,3,gaussmut,onepoint,best,elitism,100,100,0.001795524999999465,403.81743256481957
622,SPHERE,3,gaussmut,onepoint,best,elitism,100,100,0.001631920000000342,946.6174228236322
623,SPHERE,3,gaussmut,onepoint,best,elitism,100,100,0.003020223000000044,911.3783482686941
624,SPHERE,3,gaussmut,onepoint,best,elitism,100,100,0.002018474999999853,814.7713759496493
625,SPHERE,3,gaussmut,onepoint,best,elitism,100,100,0.0018509689999994805,34.75355618886397
626,SPHERE,3,gaussmut,onepoint,best,elitism,100,100,0.0017113210000001544,673.3658411416376
627,SPHERE,3,gaussmut,onepoint,best,elitism,100,100,0.001527268000000248,508.71346900829803
628,SPHERE,3,gaussmut,onepoint,best,elitism,100,100,0.002022774999999477,182.80181280461977
629,SPHERE,3,gaussmut,onepoint,best,elitism,100,100,0.0026140489999999517,599.6306426273825
630,SPHERE,3,gaussmut,onepoint,best,elitism,100,100,0.001600412000000162,1182.1530804245763
631,SPHERE,3,gaussmut,onepoint,best,elitism,100,100,0.0015155659999992466,515.8644646258613
632,SPHERE,3,gaussmut,onepoint,best,elitism,100,100,0.0016098260000001474,1562.7919643060995
633,SPHERE,3,gaussmut,onepoint,best,elitism,100,100,0.0015535389999996596,145.16191129758474
634,SPHERE,3,gaussmut,onepoint,best,elitism,100,100,0.00249783800000003,1486.4901313609957
635,SPHERE,3,gaussmut,onepoint,best,elitism,100,100,0.002310735000000008,299.4647674573139
636,SPHERE,3,gaussmut,onepoint,best,elitism,100,100,0.00189484800000006,283.7341769196689
637,SPHERE,3,gaussmut,onepoint,best,elitism,100,100,0.0015712759999999548,564.4692469417785
638,SPHERE,3,gaussmut,onepoint,best,elitism,100,100,0.001600469999999632,333.5908770502083
639,SPHERE,3,gaussmut,onepoint,best,elitism,100,100,0.002804001999999528,258.8547730510825
640,SPHERE,3,gaussmut,onepoint,best,elitism,100,100,0.0023593919999997937,50.5289651644305
641,SPHERE,3,gaussmut,onepoint,best,elitism,100,100,0.0016581320000002009,436.3728866150882
642,SPHERE,3,gaussmut,onepoint,best,elitism,100,100,0.0015892570000000106,714.3597788307032
643,SPHERE,3,gaussmut,onepoint,best,elitism,100,100,0.0019219869999993477,1143.2827353970206
644,SPHERE,3,gaussmut,onepoint,best,elitism,100,100,0.002739814999999979,736.7512129454477
645,SPHERE,3,gaussmut,onepoint,best,elitism,100,100,0.0024267309999999043,657.3999173941783
646,SPHERE,3,gaussmut,onepoint,best,elitism,100,100,0.0016503779999998969,781.2067261652539
647,SPHERE,3,gaussmut,onepoint,best,elitism,100,100,0.0016321860000001465,273.24674109771814
648,SPHERE,3,gaussmut,onepoint,best,elitism,100,100,0.0015951180000000065,580.1514782903771
649,SPHERE,3,gaussmut,onepoint,best,elitism,100,100,0.0015332379999994927,831.467422122806
650,SPHERE,3,gaussmut,onepoint,best,elitism,100,100,0.0029778970000000626,564.6696440015188
651,SPHERE,3,gaussmut,onepoint,best,elitism,100,100,0.0018785479999996468,146.57998423776328
652,SPHERE,3,gaussmut,onepoint,best,elitism,100,100,0.0017122230000001792,281.6970741873881
653,SPHERE,3,gaussmut,onepoint,best,elitism,100,100,0.0015573919999996022,149.5846592542924
654,SPHERE,3,gaussmut,onepoint,best,elitism,100,100,0.0015793020000005598,969.0519377578845
655,SPHERE,3,gaussmut,onepoint,best,elitism,100,100,0.002451370000000175,542.9417845092977
656,SPHERE,3,gaussmut,onepoint,best,elitism,100,100,0.0021433320000001643,1458.3245826547798
657,SPHERE,3,gaussmut,onepoint,best,elitism,100,100,0.0016063289999994623,1849.9979416657256
658,SPHERE,3,gaussmut,onepoint,best,elitism,100,100,0.0017633539999994952,795.7610110002803
659,SPHERE,3,gaussmut,onepoint,best,elitism,100,100,0.0016647729999998973,864.9173165346147
660,SPHERE,3,gaussmut,onepoint,best,elitism,100,100,0.0017900979999998512,1551.8512448307551
661,SPHERE,3,gaussmut,onepoint,best,elitism,100,100,0.0024399150000000702,193.35248348466314
662,SPHERE,3,gaussmut,onepoint,best,elitism,100,100,0.0017500799999998762,73.41907511887254
663,SPHERE,3,gaussmut,onepoint,best,elitism,100,100,0.0015502359999999271,1053.7523305130467
664,SPHERE,3,gaussmut,onepoint,best,elitism,100,100,0.0015103860000005298,64.60630369429423
665,SPHERE,3,gaussmut,onepoint,best,elitism,100,100,0.0016573089999996071,441.35162575916655
666,SPHERE,3,gaussmut,onepoint,best,elitism,100,100,0.0018515390000004572,567.7260800648579
667,SPHERE,3,gaussmut,onepoint,best,elitism,100,100,0.002561513000000737,278.6480415670692
668,SPHERE,3,gaussmut,onepoint,best,elitism,100,100,0.0024845929999992578,117.78547963193148
669,SPHERE,3,gaussmut,onepoint,best,elitism,100,100,0.00179130400000016,1292.2387339064692
670,SPHERE,3,gaussmut,onepoint,best,elitism,100,100,0.001898146000000267,629.9679661171976
671,SPHERE,3,gaussmut,onepoint,best,elitism,100,100,0.002385651999999183,746.2276441990861
672,SPHERE,3,gaussmut,onepoint,best,elitism,100,100,0.0025865859999996133,1078.8688342277908
673,SPHERE,3,gaussmut,onepoint,best,elitism,100,100,0.0021788790000005775,168.2572683944496
674,SPHERE,3,gaussmut,onepoint,best,elitism,100,100,0.001973023999999768,117.13700304772418
675,SPHERE,3,gaussmut,onepoint,best,elitism,100,100,0.001673196999999682,959.4733957417375
676,SPHERE,3,gaussmut,onepoint,best,elitism,100,100,0.0018869989999998893,400.8075525165258
677,SPHERE,3,gaussmut,onepoint,best,elitism,100,100,0.0031421899999992675,1188.7311118277503
678,SPHERE,3,gaussmut,onepoint,best,elitism,100,100,0.0018930819999996018,682.0851585691892
679,SPHERE,3,gaussmut,onepoint,best,elitism,100,100,0.0019034509999995564,729.6891117745748
680,SPHERE,3,gaussmut,onepoint,best,elitism,100,100,0.0016346050000004553,230.04407672371815
681,SPHERE,3,gaussmut,onepoint,best,elitism,100,100,0.001552863999999765,643.3895383466689
682,SPHERE,3,gaussmut,onepoint,best,elitism,100,100,0.0030245330000004955,1280.5101479507405
683,SPHERE,3,gaussmut,onepoint,best,elitism,100,100,0.0022095819999998767,781.7233085852147
684,SPHERE,3,gaussmut,onepoint,best,elitism,100,100,0.0016650910000004515,1015.2839029017365
685,SPHERE,3,gaussmut,onepoint,best,elitism,100,100,0.001696571000000091,1258.716957476539
686,SPHERE,3,gaussmut,onepoint,best,elitism,100,100,0.0016693779999998881,718.6646185135826
687,SPHERE,3,gaussmut,onepoint,best,elitism,100,100,0.0024773979999999085,237.18579497713066
688,SPHERE,3,gaussmut,onepoint,best,elitism,100,100,0.0017153680000001614,851.344489215981
689,SPHERE,3,gaussmut,onepoint,best,elitism,100,100,0.0015121359999996642,535.9529594180884
690,SPHERE,3,gaussmut,onepoint,best,elitism,100,100,0.0015411910000002749,990.2878275326023
691,SPHERE,3,gaussmut,onepoint,best,elitism,100,100,0.0016313580000000272,1433.1117498269198
692,SPHERE,3,gaussmut,onepoint,best,elitism,100,100,0.00154210999999993,551.9557966767555
693,SPHERE,3,gaussmut,onepoint,best,elitism,100,100,0.0027701439999994193,362.7757025296278
694,SPHERE,3,gaussmut,onepoint,best,elitism,100,100,0.0016568230000002515,266.6459346350049
695,SPHERE,3,gaussmut,onepoint,best,elitism,100,100,0.0016464809999998664,393.9132402006487
696,SPHERE,3,gaussmut,onepoint,best,elitism,100,100,0.0016139840000004568,508.4086458710934
697,SPHERE,3,gaussmut,onepoint,best,elitism,100,100,0.0017861780000005822,100.1005636828584
698,SPHERE,3,gaussmut,onepoint,best,elitism,100,100,0.002341835000000181,600.1835753256591
699,SPHERE,3,gaussmut,onepoint,best,elitism,100,100,0.0021651949999998976,53.91988242544334
700,SPHERE,3,gaussmut,onepoint,best,elitism,100,100,0.0017718569999995992,1347.27132708812
701,SPHERE,3,gaussmut,onepoint,best,elitism,100,100,0.0020731600000001293,1535.3735843556099
702,SPHERE,3,gaussmut,onepoint,best,elitism,100,100,0.0018214519999997236,1581.167976559876
703,SPHERE,3,gaussmut,onepoint,best,elitism,100,100,0.002007971000000275,380.027795562424
704,SPHERE,3,gaussmut,onepoint,best,elitism,100,100,0.0028469969999997957,1661.150136845362
705,SPHERE,3,gaussmut,onepoint,best,elitism,100,100,0.0018447610000000836,60.63992872461678
706,SPHERE,3,gaussmut,onepoint,best,elitism,100,100,0.0016509359999998807,190.29606368386823
707,SPHERE,3,gaussmut,onepoint,best,elitism,100,100,0.0016384199999999183,311.702156162494
708,SPHERE,3,gaussmut,onepoint,best,elitism,100,100,0.001574135000000254,90.64325621936705
709,SPHERE,3,gaussmut,onepoint,best,elitism,100,100,0.003329073999999821,733.0952277790685
710,SPHERE,3,gaussmut,onepoint,best,elitism,100,100,0.0021173110000001216,343.01510433715634
711,SPHERE,3,gaussmut,onepoint,best,elitism,100,100,0.0017245319999998898,467.340226363223
712,SPHERE,3,gaussmut,onepoint,best,elitism,100,100,0.0015881119999994198,59.68774072138709
713,SPHERE,3,gaussmut,onepoint,best,elitism,100,100,0.0015050999999992598,878.4828931360764
714,SPHERE,3,gaussmut,onepoint,best,elitism,100,100,0.002461681999999854,197.25647126444173
715,SPHERE,3,gaussmut,onepoint,best,elitism,100,100,0.002529856000000663,131.4178498738411
716,SPHERE,3,gaussmut,onepoint,best,elitism,100,100,0.0018962010000000973,872.3329526756315
717,SPHERE,3,gaussmut,onepoint,best,elitism,100,100,0.001616879000000182,809.8584034242115
718,SPHERE,3,gaussmut,onepoint,best,elitism,100,100,0.0016363179999991928,612.9501124581041
719,SPHERE,3,gaussmut,onepoint,best,elitism,100,100,0.0019171799999995187,990.3806979455242
720,SPHERE,3,gaussmut,onepoint,best,elitism,100,100,0.0023548670000002048,49.06151890349488
721,SPHERE,3,gaussmut,onepoint,best,elitism,100,100,0.0016985369999993338,674.5013340483648
722,SPHERE,3,gaussmut,onepoint,best,elitism,100,100,0.001562798000000143,338.5862757345383
723,SPHERE,3,gaussmut,onepoint,best,elitism,100,100,0.0015601699999994167,735.1463276445947
724,SPHERE,3,gaussmut,onepoint,best,elitism,100,100,0.0015718129999999775,918.457634195102
725,SPHERE,3,gaussmut,onepoint,best,elitism,100,100,0.002758302000000157,934.6583945895148
726,SPHERE,3,gaussmut,onepoint,best,elitism,100,100,0.0024064729999997425,138.68527323513064
727,SPHERE,3,gaussmut,onepoint,best,elitism,100,100,0.0019407320000004447,1191.831637425788
728,SPHERE,3,gaussmut,onepoint,best,elitism,100,100,0.0016542589999994917,231.45831633368618
729,SPHERE,3,gaussmut,onepoint,best,elitism,100,100,0.001659808000000318,1258.3936523319867
730,SPHERE,3,gaussmut,onepoint,best,elitism,100,100,0.002493960999999878,841.0986696552861
731,SPHERE,3,gaussmut,onepoint,best,elitism,100,100,0.0025414779999994863,613.1063471323755
732,SPHERE,3,gaussmut,onepoint,best,elitism,100,100,0.001554239999999929,1345.4332967011687
733,SPHERE,3,gaussmut,onepoint,best,elitism,100,100,0.0015496580000000648,1565.8227034120846
734,SPHERE,3,gaussmut,onepoint,best,elitism,100,100,0.0015159579999997064,971.1695342095132
735,SPHERE,3,gaussmut,onepoint,best,elitism,100,100,0.0015461580000000197,719.8764836161374
736,SPHERE,3,gaussmut,onepoint,best,elitism,100,100,0.002237020000000811,660.5744106132348
737,SPHERE,3,gaussmut,onepoint,best,elitism,100,100,0.0022032449999995762,1001.467473026977
738,SPHERE,3,gaussmut,onepoint,best,elitism,100,100,0.0015776130000002553,187.0694748506191
739,SPHERE,3,gaussmut,onepoint,best,elitism,100,100,0.0016409279999995974,836.5048247858343
740,SPHERE,3,gaussmut,onepoint,best,elitism,100,100,0.00163251999999936,639.974248859902
741,SPHERE,3,gaussmut,onepoint,best,elitism,100,100,0.0015812829999992672,290.8037394995876
742,SPHERE,3,gaussmut,onepoint,best,elitism,100,100,0.0023315959999994362,262.390934217674
743,SPHERE,3,gaussmut,onepoint,best,elitism,100,100,0.0019608810000004695,769.8569783969309
744,SPHERE,3,gaussmut,onepoint,best,elitism,100,100,0.0016470829999999381,1347.0590942413314
745,SPHERE,3,gaussmut,onepoint,best,elitism,100,100,0.0014988110000002663,218.17284729312888
746,SPHERE,3,gaussmut,onepoint,best,elitism,100,100,0.0015702029999999922,543.648045399225
747,SPHERE,3,gaussmut,onepoint,best,elitism,100,100,0.0016930839999993452,1086.6518768445417
748,SPHERE,3,gaussmut,onepoint,best,elitism,100,100,0.0027411840000004517,894.1157755578994
749,SPHERE,3,gaussmut,onepoint,best,elitism,100,100,0.0019125429999995447,201.94721866065007
750,SPHERE,3,gaussmut,onepoint,best,elitism,100,100,0.0016488949999997615,1025.248284083196
751,SPHERE,3,gaussmut,onepoint,best,elitism,100,100,0.0015092760000001704,394.0756780447518
752,SPHERE,3,gaussmut,onepoint,best,elitism,100,100,0.0015326130000001825,952.2308612436303
753,SPHERE,3,gaussmut,onepoint,best,elitism,100,100,0.0016047679999999787,342.9315523434952
754,SPHERE,3,gaussmut,onepoint,best,elitism,100,100,0.0028760220000005887,437.38318084723073
755,SPHERE,3,gaussmut,onepoint,best,elitism,100,100,0.0018768160000002254,943.9378655086659
756,SPHERE,3,gaussmut,onepoint,best,elitism,100,100,0.0016941829999996827,866.7861598535585
757,SPHERE,3,gaussmut,onepoint,best,elitism,100,100,0.0015023870000003825,606.3592920509807
758,SPHERE,3,gaussmut,onepoint,best,elitism,100,100,0.0016384259999995265,345.7302513273435
759,SPHERE,3,gaussmut,onepoint,best,elitism,100,100,0.0017168640000004842,506.6904900933158
760,SPHERE,3,gaussmut,onepoint,best,elitism,100,100,0.002468984000000063,120.17814609934234
761,SPHERE,3,gaussmut,onepoint,best,elitism,100,100,0.0015727990000007352,53.161376215116135
762,SPHERE,3,gaussmut,onepoint,best,elitism,100,100,0.0015219449999994694,407.85494064733314
763,SPHERE,3,gaussmut,onepoint,best,elitism,100,100,0.0014991460000004508,1306.5990137039232
764,SPHERE,3,gaussmut,onepoint,best,elitism,100,100,0.0015259790000001772,153.57909115266148
765,SPHERE,3,gaussmut,onepoint,best,elitism,100,100,0.0017659749999996421,309.7643698637577
766,SPHERE,3,gaussmut,onepoint,best,elitism,100,100,0.0025535759999995022,408.219577058375
767,SPHERE,3,gaussmut,onepoint,best,elitism,100,100,0.0017172240000000727,240.4825582582746
768,SPHERE,3,gaussmut,onepoint,best,elitism,100,100,0.001608288999999985,444.5397681847412
769,SPHERE,3,gaussmut,onepoint,best,elitism,100,100,0.001621254999999877,365.27965607229993
770,SPHERE,3,gaussmut,onepoint,best,elitism,100,100,0.0018180289999998323,767.4425393783853
771,SPHERE,3,gaussmut,onepoint,best,elitism,100,100,0.002226547000000245,707.551833921603
772,SPHERE,3,gaussmut,onepoint,best,elitism,100,100,0.002360386000000325,284.33724227239884
773,SPHERE,3,gaussmut,onepoint,best,elitism,100,100,0.0019950270000004267,152.85165870359805
774,SPHERE,3,gaussmut,onepoint,best,elitism,100,100,0.0015783149999997192,382.229275083951
775,SPHERE,3,gaussmut,onepoint,best,elitism,100,100,0.0017607650000002195,1091.8144310873863
776,SPHERE,3,gaussmut,onepoint,best,elitism,100,100,0.0019322319999997006,566.4201294377906
777,SPHERE,3,gaussmut,onepoint,best,elitism,100,100,0.00247338500000005,9.59792401304741
778,SPHERE,3,gaussmut,onepoint,best,elitism,100,100,0.0017369249999994452,969.432588889477
779,SPHERE,3,gaussmut,onepoint,best,elitism,100,100,0.0015896089999998253,1146.8386969962612
780,SPHERE,3,gaussmut,onepoint,best,elitism,100,100,0.001490128000000368,728.340274786356
781,SPHERE,3,gaussmut,onepoint,best,elitism,100,100,0.0016540639999993445,948.8171702020829
782,SPHERE,3,gaussmut,onepoint,best,elitism,100,100,0.00198397000000039,1067.3427012830787
783,SPHERE,3,gaussmut,onepoint,best,elitism,100,100,0.002283090999999793,640.7228454965325
784,SPHERE,3,gaussmut,onepoint,best,elitism,100,100,0.0015433730000005141,549.4441336488053
785,SPHERE,3,gaussmut,onepoint,best,elitism,100,100,0.0013994720000001237,95.19833429161035
786,SPHERE,3,gaussmut,onepoint,best,elitism,100,100,0.0015553239999999136,197.60766765485698
787,SPHERE,3,gaussmut,onepoint,best,elitism,100,100,0.0017323090000003205,510.7373673530558
788,SPHERE,3,gaussmut,onepoint,best,elitism,100,100,0.0017334880000001718,247.0547454397865
789,SPHERE,3,gaussmut,onepoint,best,elitism,100,100,0.0023673280000000574,132.19722608172356
790,SPHERE,3,gaussmut,onepoint,best,elitism,100,100,0.0015799639999993786,806.2589405805066
791,SPHERE,3,gaussmut,onepoint,best,elitism,100,100,0.0015183620000005504,341.13938666760066
792,SPHERE,3,gaussmut,onepoint,best,elitism,100,100,0.001512079000000277,595.6726385962359
793,SPHERE,3,gaussmut,onepoint,best,elitism,100,100,0.0015838319999996742,760.6862052488051
794,SPHERE,3,gaussmut,onepoint,best,elitism,100,100,0.0019528239999999641,637.355999490095
795,SPHERE,3,gaussmut,onepoint,best,elitism,100,100,0.0026257699999998607,283.3799010666758
796,SPHERE,3,gaussmut,onepoint,best,elitism,100,100,0.00155342600000008,253.2339672288678
797,SPHERE,3,gaussmut,onepoint,best,elitism,100,100,0.0015151009999998521,380.92782197156885
798,SPHERE,3,gaussmut,onepoint,best,elitism,100,100,0.0015098009999992001,854.7503184165037
799,SPHERE,3,gaussmut,onepoint,best,elitism,100,100,0.0016173290000001117,1473.2301363996341
800,SPHERE,3,gaussmut,onepoint,best,elitism,100,100,0.0015799889999996708,368.04201918083254
801,SPHERE,3,gaussmut,onepoint,best,elitism,100,100,0.002475324999999806,214.65652834013773
802,SPHERE,3,gaussmut,onepoint,best,elitism,100,100,0.0016387010000000757,529.2330510320941
803,SPHERE,3,gaussmut,onepoint,best,elitism,100,100,0.0015143690000005705,304.44898231785425
804,SPHERE,3,gaussmut,onepoint,best,elitism,100,100,0.0015043119999997856,438.6527022505496
805,SPHERE,3,gaussmut,onepoint,best,elitism,100,100,0.0016283350000003693,1725.370037073566
806,SPHERE,3,gaussmut,onepoint,best,elitism,100,100,0.001948318000000171,798.0992450196213
807,SPHERE,3,gaussmut,onepoint,best,elitism,100,100,0.002452000000000787,437.9502726985647
808,SPHERE,3,gaussmut,onepoint,best,elitism,100,100,0.0016482470000003246,878.6566651401658
809,SPHERE,3,gaussmut,onepoint,best,elitism,100,100,0.0014993489999994836,889.6216261857287
810,SPHERE,3,gaussmut,onepoint,best,elitism,100,100,0.0015009230000000429,109.01100959469288
811,SPHERE,3,gaussmut,onepoint,best,elitism,100,100,0.001677581000000039,1569.9164694463511
812,SPHERE,3,gaussmut,onepoint,best,elitism,100,100,0.0017443759999995478,417.41859387911416
813,SPHERE,3,gaussmut,onepoint,best,elitism,100,100,0.0026451229999997494,952.2652057726206
814,SPHERE,3,gaussmut,onepoint,best,elitism,100,100,0.0016614509999994809,846.2415707210463
815,SPHERE,3,gaussmut,onepoint,best,elitism,100,100,0.001508078999999718,665.5578212067529
816,SPHERE,3,gaussmut,onepoint,best,elitism,100,100,0.0015688069999999499,586.7712202708033
817,SPHERE,3,gaussmut,onepoint,best,elitism,100,100,0.0016548329999999112,336.690184931368
818,SPHERE,3,gaussmut,onepoint,best,elitism,100,100,0.0016011369999997527,425.5984832833754
819,SPHERE,3,gaussmut,onepoint,best,elitism,100,100,0.0027220430000003404,572.0660639720352
820,SPHERE,3,gaussmut,onepoint,best,elitism,100,100,0.0016852649999998803,316.8990730097898
821,SPHERE,3,gaussmut,onepoint,best,elitism,100,100,0.0015019279999997082,683.7466276723941
822,SPHERE,3,gaussmut,onepoint,best,elitism,100,100,0.0015007320000002267,1288.0666282414238
823,SPHERE,3,gaussmut,onepoint,best,elitism,100,100,0.001571627000000575,173.34262728500082
824,SPHERE,3,gaussmut,onepoint,best,elitism,100,100,0.0018938080000001634,223.84445588320932
825,SPHERE,3,gaussmut,onepoint,best,elitism,100,100,0.0029223510000004893,506.8584887414903
826,SPHERE,3,gaussmut,onepoint,best,elitism,100,100,0.0016817030000000344,869.4409990211606
827,SPHERE,3,gaussmut,onepoint,best,elitism,100,100,0.0015694310000000655,780.2222359946059
828,SPHERE,3,gaussmut,onepoint,best,elitism,100,100,0.0015634520000000762,1050.430917049653
829,SPHERE,3,gaussmut,onepoint,best,elitism,100,100,0.0017547269999997894,747.6646115624536
830,SPHERE,3,gaussmut,onepoint,best,elitism,100,100,0.002386403000000037,1467.7532946397907
831,SPHERE,3,gaussmut,onepoint,best,elitism,100,100,0.0020713089999997436,168.0372132344298
832,SPHERE,3,gaussmut,onepoint,best,elitism,100,100,0.00173924999999997,143.39617874877598
833,SPHERE,3,gaussmut,onepoint,best,elitism,100,100,0.001497689999999885,145.83216600239209
834,SPHERE,3,gaussmut,onepoint,best,elitism,100,100,0.0016109619999999936,590.7400399248861
835,SPHERE,3,gaussmut,onepoint,best,elitism,100,100,0.0015223639999994987,389.7907164235829
836,SPHERE,3,gaussmut,onepoint,best,elitism,100,100,0.002316061000000147,342.35404535378933
837,SPHERE,3,gaussmut,onepoint,best,elitism,100,100,0.002093508999999827,208.16920071004157
838,SPHERE,3,gaussmut,onepoint,best,elitism,100,100,0.0016119799999998463,1103.4981543100082
839,SPHERE,3,gaussmut,onepoint,best,elitism,100,100,0.0014926189999995287,972.8799974830929
840,SPHERE,3,gaussmut,onepoint,best,elitism,100,100,0.001614258000000035,150.44606006635644
841,SPHERE,3,gaussmut,onepoint,best,elitism,100,100,0.0016919619999997693,459.08174321920416
842,SPHERE,3,gaussmut,onepoint,best,elitism,100,100,0.002391882999999595,1260.3458684744774
843,SPHERE,3,gaussmut,onepoint,best,elitism,100,100,0.002210803999999733,591.7553816630494
844,SPHERE,3,gaussmut,onepoint,best,elitism,100,100,0.0015155279999996552,844.0376607331485
845,SPHERE,3,gaussmut,onepoint,best,elitism,100,100,0.0014956000000001524,485.3277925571939
846,SPHERE,3,gaussmut,onepoint,best,elitism,100,100,0.0016291489999993303,103.36508570845497
847,SPHERE,3,gaussmut,onepoint,best,elitism,100,100,0.0016294599999993054,768.6142812331784
848,SPHERE,3,gaussmut,onepoint,best,elitism,100,100,0.002557512000000095,718.2136950916823
849,SPHERE,3,gaussmut,onepoint,best,elitism,100,100,0.0019996199999994246,386.12632817992636
850,SPHERE,3,gaussmut,onepoint,best,elitism,100,100,0.0015190959999999976,851.6535796267117
851,SPHERE,3,gaussmut,onepoint,best,elitism,100,100,0.0015102639999993173,564.4394766697153
852,SPHERE,3,gaussmut,onepoint,best,elitism,100,100,0.0015867599999994653,1349.1726265002444
853,SPHERE,3,gaussmut,onepoint,best,elitism,100,100,0.0015435750000003523,367.98204871554327
854,SPHERE,3,gaussmut,onepoint,best,elitism,100,100,0.00250543199999953,911.6716568658244
855,SPHERE,3,gaussmut,onepoint,best,elitism,100,100,0.0017693979999995335,516.8340474687832
856,SPHERE,3,gaussmut,onepoint,best,elitism,100,100,0.0015122840000003634,306.09964336541316
857,SPHERE,3,gaussmut,onepoint,best,elitism,100,100,0.0015230779999999555,1003.6940656811221
858,SPHERE,3,gaussmut,onepoint,best,elitism,100,100,0.001705055999999594,731.5360031035384
859,SPHERE,3,gaussmut,onepoint,best,elitism,100,100,0.0016409489999995586,346.0319196552615
860,SPHERE,3,gaussmut,onepoint,best,elitism,100,100,0.0025968799999995795,873.9980446665654
861,SPHERE,3,gaussmut,onepoint,best,elitism,100,100,0.0016215549999998302,28.572005843865576
862,SPHERE,3,gaussmut,onepoint,best,elitism,100,100,0.0015582399999996,254.59068211583937
863,SPHERE,3,gaussmut,onepoint,best,elitism,100,100,0.0015589499999997258,857.9706267110976
864,SPHERE,3,gaussmut,onepoint,best,elitism,100,100,0.001912238000000066,1237.9363573972523
865,SPHERE,3,gaussmut,onepoint,best,elitism,100,100,0.0020273570000002294,844.5500641821299
866,SPHERE,3,gaussmut,onepoint,best,elitism,100,100,0.0025621369999999644,1519.0887006813962
867,SPHERE,3,gaussmut,onepoint,best,elitism,100,100,0.0017900719999994763,511.83188144017424
868,SPHERE,3,gaussmut,onepoint,best,elitism,100,100,0.0014990140000001873,982.936051557881
869,SPHERE,3,gaussmut,onepoint,best,elitism,100,100,0.0015355259999996207,123.21567751079336
870,SPHERE,3,gaussmut,onepoint,best,elitism,100,100,0.0017751859999997066,205.71328462448747
871,SPHERE,3,gaussmut,onepoint,best,elitism,100,100,0.002063191999999603,364.63916528770756
872,SPHERE,3,gaussmut,onepoint,best,elitism,100,100,0.0023072520000004815,207.4204913998621
873,SPHERE,3,gaussmut,onepoint,best,elitism,100,100,0.0015578689999999895,942.7849182250461
874,SPHERE,3,gaussmut,onepoint,best,elitism,100,100,0.0014966669999996185,930.5740392699087
875,SPHERE,3,gaussmut,onepoint,best,elitism,100,100,0.0017334380000004757,551.9699120126537
876,SPHERE,3,gaussmut,onepoint,best,elitism,100,100,0.0016906759999999466,515.250677809508
877,SPHERE,3,gaussmut,onepoint,best,elitism,100,100,0.002455141000000438,658.7382641877709
878,SPHERE,3,gaussmut,onepoint,best,elitism,100,100,0.0021252650000000983,407.3272657037873
879,SPHERE,3,gaussmut,onepoint,best,elitism,100,100,0.001601971999999563,242.43356710952514
880,SPHERE,3,gaussmut,onepoint,best,elitism,100,100,0.001496050000000082,808.6255804836762
881,SPHERE,3,gaussmut,onepoint,best,elitism,100,100,0.0015194430000002868,683.1766420958688
882,SPHERE,3,gaussmut,onepoint,best,elitism,100,100,0.001648760000000138,115.19764699382048
883,SPHERE,3,gaussmut,onepoint,best,elitism,100,100,0.002499843999999918,293.9432000997177
884,SPHERE,3,gaussmut,onepoint,best,elitism,100,100,0.0021086629999995665,349.48091177634655
885,SPHERE,3,gaussmut,onepoint,best,elitism,100,100,0.0015213090000001372,382.20108390122795
886,SPHERE,3,gaussmut,onepoint,best,elitism,100,100,0.001514023000000364,760.6483534082826
887,SPHERE,3,gaussmut,onepoint,best,elitism,100,100,0.0015742499999999993,474.29707841431355
888,SPHERE,3,gaussmut,onepoint,best,elitism,100,100,0.0015975120000000231,1218.6424198875336
889,SPHERE,3,gaussmut,onepoint,best,elitism,100,100,0.0031206260000002928,476.14339298748894
890,SPHERE,3,gaussmut,onepoint,best,elitism,100,100,0.0017697829999994141,964.5922863299973
891,SPHERE,3,gaussmut,onepoint,best,elitism,100,100,0.0015231209999999606,190.56142187016354
892,SPHERE,3,gaussmut,onepoint,best,elitism,100,100,0.0014832189999998135,818.6831499647499
893,SPHERE,3,gaussmut,onepoint,best,elitism,100,100,0.00159423599999986,1957.565499464002
894,SPHERE,3,gaussmut,onepoint,best,elitism,100,100,0.0015149399999998536,196.22244899987916
895,SPHERE,3,gaussmut,onepoint,best,elitism,100,100,0.0028480440000002716,353.62536044758593
896,SPHERE,3,gaussmut,onepoint,best,elitism,100,100,0.001826233000000066,818.656504093514
897,SPHERE,3,gaussmut,onepoint,best,elitism,100,100,0.0015122810000001152,433.8390577009161
898,SPHERE,3,gaussmut,onepoint,best,elitism,100,100,0.0015028890000001738,505.33308801062856
899,SPHERE,3,gaussmut,onepoint,best,elitism,100,100,0.0017186579999997065,772.4868875631537
900,SPHERE,3,gaussmut,onepoint,best,elitism,100,100,0.00170597600000022,739.3511976985332
901,SPHERE,3,gaussmut,onepoint,best,elitism,100,100,0.0027918590000002297,472.3681270512169
902,SPHERE,3,gaussmut,onepoint,best,elitism,100,100,0.0018828529999996846,492.4076071678174
903,SPHERE,3,gaussmut,onepoint,best,elitism,100,100,0.0017660059999995426,657.2763482507305
904,SPHERE,3,gaussmut,onepoint,best,elitism,100,100,0.0017218299999992581,292.9434954219588
905,SPHERE,3,gaussmut,onepoint,best,elitism,100,100,0.001772025000000177,239.34906718406137
906,SPHERE,3,gaussmut,onepoint,best,elitism,100,100,0.0024616829999999368,1397.869898255257
907,SPHERE,3,gaussmut,onepoint,best,elitism,100,100,0.0020183290000002074,376.3398322542049
908,SPHERE,3,gaussmut,onepoint,best,elitism,100,100,0.0015730209999995637,445.16381492174554
909,SPHERE,3,gaussmut,onepoint,best,elitism,100,100,0.001540052999999375,1105.8723986275395
910,SPHERE,3,gaussmut,onepoint,best,elitism,100,100,0.0017725769999996643,477.49363648939493
911,SPHERE,3,gaussmut,onepoint,best,elitism,100,100,0.0016708229999995439,178.3338823735772
912,SPHERE,3,gaussmut,onepoint,best,elitism,100,100,0.002889456999999318,1336.947402050952
913,SPHERE,3,gaussmut,onepoint,best,elitism,100,100,0.0017186239999995578,585.8779992374075
914,SPHERE,3,gaussmut,onepoint,best,elitism,100,100,0.0015768039999999317,203.0649944412213
915,SPHERE,3,gaussmut,onepoint,best,elitism,100,100,0.0015116070000003035,208.162487871383
916,SPHERE,3,gaussmut,onepoint,best,elitism,100,100,0.0016841239999996205,180.1227002407697
917,SPHERE,3,gaussmut,onepoint,best,elitism,100,100,0.001954322999999647,164.59125570473287
918,SPHERE,3,gaussmut,onepoint,best,elitism,100,100,0.002513240999999944,309.88324518573506
919,SPHERE,3,gaussmut,onepoint,best,elitism,100,100,0.0016358560000000466,1248.489265783372
920,SPHERE,3,gaussmut,onepoint,best,elitism,100,100,0.0017489710000004877,598.8766674633125
921,SPHERE,3,gaussmut,onepoint,best,elitism,100,100,0.0015639080000005023,781.3688137785342
922,SPHERE,3,gaussmut,onepoint,best,elitism,100,100,0.0017188150000002622,375.7370292817902
923,SPHERE,3,gaussmut,onepoint,best,elitism,100,100,0.0020563339999997154,165.72310512682412
924,SPHERE,3,gaussmut,onepoint,best,elitism,100,100,0.0023601530000005866,395.2269087485903
925,SPHERE,3,gaussmut,onepoint,best,elitism,100,100,0.0016163479999997676,576.3139619539434
926,SPHERE,3,gaussmut,onepoint,best,elitism,100,100,0.0015005669999998972,968.5833701924332
927,SPHERE,3,gaussmut,onepoint,best,elitism,100,100,0.001614874000000377,1376.954035720613
928,SPHERE,3,gaussmut,onepoint,best,elitism,100,100,0.0016880200000004564,168.7549311993442
929,SPHERE,3,gaussmut,onepoint,best,elitism,100,100,0.002884157999999637,1572.4916075365863
930,SPHERE,3,gaussmut,onepoint,best,elitism,100,100,0.0019030899999998852,106.32800311708597
931,SPHERE,3,gaussmut,onepoint,best,elitism,100,100,0.0016659570000001622,67.07332945107217
932,SPHERE,3,gaussmut,onepoint,best,elitism,100,100,0.0014973940000002628,22.09688482240442
933,SPHERE,3,gaussmut,onepoint,best,elitism,100,100,0.0015991570000002397,575.2199472197362
934,SPHERE,3,gaussmut,onepoint,best,elitism,100,100,0.001670492999999773,784.4049591694102
935,SPHERE,3,gaussmut,onepoint,best,elitism,100,100,0.002931697999999372,570.2356360997456
936,SPHERE,3,gaussmut,onepoint,best,elitism,100,100,0.001973954000000333,1988.7102628170667
937,SPHERE,3,gaussmut,onepoint,best,elitism,100,100,0.0015124530000001357,1399.840616654083
938,SPHERE,3,gaussmut,onepoint,best,elitism,100,100,0.0015524290000001884,202.59008184701872
939,SPHERE,3,gaussmut,onepoint,best,elitism,100,100,0.0016708090000001619,1250.8502626797003
940,SPHERE,3,gaussmut,onepoint,best,elitism,100,100,0.0019165000000000987,113.92288237019102
941,SPHERE,3,gaussmut,onepoint,best,elitism,100,100,0.0025633130000004556,507.4151575012445
942,SPHERE,3,gaussmut,onepoint,best,elitism,100,100,0.001543289999999864,282.8802011467864
943,SPHERE,3,gaussmut,onepoint,best,elitism,100,100,0.0014523320000003892,128.20215413376383
944,SPHERE,3,gaussmut,onepoint,best,elitism,100,100,0.0015068940000002584,903.8963765711555
945,SPHERE,3,gaussmut,onepoint,best,elitism,100,100,0.001617162000000505,358.8382803717341
946,SPHERE,3,gaussmut,onepoint,best,elitism,100,100,0.0022441789999998463,743.5547274395186
947,SPHERE,3,gaussmut,onepoint,best,elitism,100,100,0.0025998270000000545,268.541364576167
948,SPHERE,3,gaussmut,onepoint,best,elitism,100,100,0.001839116000000196,1013.041279824077
949,SPHERE,3,gaussmut,onepoint,best,elitism,100,100,0.0017050730000001124,1035.7030032827447
950,SPHERE,3,gaussmut,onepoint,best,elitism,100,100,0.0018049900000001173,1247.253864210706
951,SPHERE,3,gaussmut,onepoint,best,elitism,100,100,0.0018423360000001665,214.65151855375305
952,SPHERE,3,gaussmut,onepoint,best,elitism,100,100,0.0024284379999999217,233.2445868771793
953,SPHERE,3,gaussmut,onepoint,best,elitism,100,100,0.0020686769999995747,548.5703648744322
954,SPHERE,3,gaussmut,onepoint,best,elitism,100,100,0.001509201000000182,359.31450151275254
955,SPHERE,3,gaussmut,onepoint,best,elitism,100,100,0.0014896530000001462,860.8701803268353
956,SPHERE,3,gaussmut,onepoint,best,elitism,100,100,0.001680742000000457,180.5942467281149
957,SPHERE,3,gaussmut,onepoint,best,elitism,100,100,0.0022250870000002365,448.6398614023059
958,SPHERE,3,gaussmut,onepoint,best,elitism,100,100,0.0024457460000002484,489.9122837123826
959,SPHERE,3,gaussmut,onepoint,best,elitism,100,100,0.0018051640000003033,49.19249763954302
960,SPHERE,3,gaussmut,onepoint,best,elitism,100,100,0.0015000960000000063,220.79874606958793
961,SPHERE,3,gaussmut,onepoint,best,elitism,100,100,0.0016586920000003502,140.7569391260419
962,SPHERE,3,gaussmut,onepoint,best,elitism,100,100,0.0017748490000002448,201.49440820406983
963,SPHERE,3,gaussmut,onepoint,best,elitism,100,100,0.0026289750000003664,536.9423915087887
964,SPHERE,3,gaussmut,onepoint,best,elitism,100,100,0.002229027000000272,139.54613727140224
965,SPHERE,3,gaussmut,onepoint,best,elitism,100,100,0.0015081559999998717,650.227622418435
966,SPHERE,3,gaussmut,onepoint,best,elitism,100,100,0.0014977109999998461,150.20178545301275
967,SPHERE,3,gaussmut,onepoint,best,elitism,100,100,0.0017613449999993591,1482.9674187878034
968,SPHERE,3,gaussmut,onepoint,best,elitism,100,100,0.001592494999999694,758.538815057678
969,SPHERE,3,gaussmut,onepoint,best,elitism,100,100,0.002735810999999977,390.436833408779
970,SPHERE,3,gaussmut,onepoint,best,elitism,100,100,0.001887873000000262,450.95534319393556
971,SPHERE,3,gaussmut,onepoint,best,elitism,100,100,0.001508078999999718,72.36350674275783
972,SPHERE,3,gaussmut,onepoint,best,elitism,100,100,0.0015626529999996919,456.51620949399427
973,SPHERE,3,gaussmut,onepoint,best,elitism,100,100,0.0015409609999998963,1054.2802337786793
974,SPHERE,3,gaussmut,onepoint,best,elitism,100,100,0.002388133000000181,263.65308313848203
975,SPHERE,3,gaussmut,onepoint,best,elitism,100,100,0.0022949909999994134,168.48428310814407
976,SPHERE,3,gaussmut,onepoint,best,elitism,100,100,0.002116705000000607,414.6583225902832
977,SPHERE,3,gaussmut,onepoint,best,elitism,100,100,0.0016975029999999336,1203.8976808664174
978,SPHERE,3,gaussmut,onepoint,best,elitism,100,100,0.0015266110000000666,83.36693524620456
979,SPHERE,3,gaussmut,onepoint,best,elitism,100,100,0.0015603879999996906,183.12984089534365
980,SPHERE,3,gaussmut,onepoint,best,elitism,100,100,0.002340399999999576,306.6203887263174
981,SPHERE,3,gaussmut,onepoint,best,elitism,100,100,0.00172529499999996,710.7854431811643
982,SPHERE,3,gaussmut,onepoint,best,elitism,100,100,0.0016077890000003592,817.9525645160261
983,SPHERE,3,gaussmut,onepoint,best,elitism,100,100,0.0015393070000007114,277.7985205313156
984,SPHERE,3,gaussmut,onepoint,best,elitism,100,100,0.0016538119999998102,1455.6779234284284
985,SPHERE,3,gaussmut,onepoint,best,elitism,100,100,0.0018210719999993685,841.2679810019387
986,SPHERE,3,gaussmut,onepoint,best,elitism,100,100,0.0022761280000000994,1505.84318980922
987,SPHERE,3,gaussmut,onepoint,best,elitism,100,100,0.002000643999999774,358.69496522873453
988,SPHERE,3,gaussmut,onepoint,best,elitism,100,100,0.001915832999999978,600.7119446513515
989,SPHERE,3,gaussmut,onepoint,best,elitism,100,100,0.0017690139999997356,366.5003018148538
990,SPHERE,3,gaussmut,onepoint,best,elitism,100,100,0.0017419529999997962,55.89707141648845
991,SPHERE,3,gaussmut,onepoint,best,elitism,100,100,0.001838876999999961,1497.5213203916294
992,SPHERE,3,gaussmut,onepoint,best,elitism,100,100,0.0019061919999998622,1003.9679227735783
993,SPHERE,3,gaussmut,onepoint,best,elitism,100,100,0.0015419360000006321,802.1560825660744
994,SPHERE,3,gaussmut,onepoint,best,elitism,100,100,0.0016355689999993928,402.3166433840995
995,SPHERE,3,gaussmut,onepoint,best,elitism,100,100,0.0015000870000001498,1752.0128749379696
996,SPHERE,3,gaussmut,onepoint,best,elitism,100,100,0.0015096680000006302,922.9278783484536
997,SPHERE,3,gaussmut,onepoint,best,elitism,100,100,0.001547247000000418,462.4257767710586
998,SPHERE,3,gaussmut,onepoint,best,elitism,100,100,0.0015115189999992396,820.5097874521372
999,SPHERE,3,gaussmut,onepoint,best,elitism,100,100,0.0021214479999995817,580.0759332581732
